TFLite_operator,NNG Operator,SRAM Usage,Peak%,Op Cycles,Network%,NPU,SRAM AC,DRAM AC,OnFlash AC,OffFlash AC,MAC Count,Network%,Util%,Name
CONV_2D,Conv2DBias,410112,79.81068626229917,95210.0,3.194148612284841,95210.0,25600.0,32512.532512532514,0.0,0.0,5529600,2.5763358778625953,11.343346287154711,model_28/tf.nn.relu/Relu;model_28/tf.math.add/Add;model_28/tf.nn.convolution/convolution;Const_248
CONV_2D,Conv2DBias,513360,99.9034749034749,37000.0,1.2412929172832594,19471.0,37000.0,0.0,0.0,0.0,7372800,3.435114503816794,38.91891891891892,model_28/tf.nn.relu_1/Relu;model_28/tf.math.add_1/Add;model_28/tf.nn.convolution_1/convolution;Const_245
CONV_2D,Conv2DBias,205296,39.95204882301657,13123.0,0.4402564041488706,13123.0,12800.0,0.0,0.0,0.0,1638400,0.7633587786259541,24.384668139907035,model_28/tf.nn.relu_2/Relu;model_28/tf.math.add_2/Add;model_28/tf.nn.convolution_2/convolution;Const_243
CONCATENATION,AvgPool,307200,59.783285589737204,7070.0,0.23718759257277416,7070.0,6720.0,0.0,0.0,0.0,51200,0.023854961832061067,1.4144271570014144,model_28/tf.concat/concat0_avgpool
CONCATENATION,AvgPool,307200,59.783285589737204,7070.0,0.23718759257277416,7070.0,6720.0,0.0,0.0,0.0,51200,0.023854961832061067,1.4144271570014144,model_28/tf.concat/concat1_avgpool
CONV_2D,Conv2DBias,410128,79.81379997509029,10450.0,0.3505813779894611,9787.0,10450.0,0.0,0.0,0.0,1843200,0.8587786259541985,34.44976076555024,model_28/tf.nn.relu_3/Relu;model_28/tf.math.add_3/Add;model_28/tf.nn.convolution_3/convolution;Const_241
CONV_2D,Conv2DBias,512608,99.7571304022917,14144.0,0.4745093789744438,10000.0,14144.0,0.0,0.0,0.0,1843200,0.8587786259541985,25.452488687782804,model_28/tf.nn.relu_4/Relu;model_28/tf.math.add_4/Add;model_28/tf.nn.convolution_4/convolution;Const_239
ADD,Add,409600,79.71104745298294,38400.0,1.28826075739668,38400.0,12800.0,0.0,0.0,0.0,0,0.0,0.0,model_28/tf.math.add_6/Add
CONCATENATION,AvgPool,307200,59.783285589737204,10240.0,0.343536201972448,7070.0,10240.0,0.0,0.0,0.0,51200,0.023854961832061067,0.9765625,model_28/tf.concat/concat2_avgpool
CONV_2D,Conv2DBias,410112,79.81068626229917,14144.0,0.4745093789744438,9888.0,14144.0,0.0,0.0,0.0,1843200,0.8587786259541985,25.452488687782804,model_28/tf.nn.relu_5/Relu;model_28/tf.math.add_7/Add;model_28/tf.nn.convolution_5/convolution;Const_237
CONV_2D,Conv2DBias,512592,99.75401668950056,14144.0,0.4745093789744438,10000.0,14144.0,0.0,0.0,0.0,1843200,0.8587786259541985,25.452488687782804,model_28/tf.nn.relu_6/Relu;model_28/tf.math.add_8/Add;model_28/tf.nn.convolution_6/convolution;Const_235
ADD,Add,409600,79.71104745298294,38400.0,1.28826075739668,38400.0,19200.0,0.0,0.0,0.0,0,0.0,0.0,model_28/tf.math.add_10/Add
CONCATENATION,AvgPool,307200,59.783285589737204,10240.0,0.343536201972448,7070.0,10240.0,0.0,0.0,0.0,51200,0.023854961832061067,0.9765625,model_28/tf.concat/concat3_avgpool
CONV_2D,Conv2DBias,410944,79.97259932743803,25923.0,0.8696766566144307,25923.0,25600.0,0.0,0.0,0.0,6553600,3.0534351145038165,49.377001118697684,model_28/tf.nn.relu_7/Relu;model_28/tf.math.add_11/Add;model_28/tf.nn.convolution_7/convolution;Const_233
CONV_2D,Conv2DBias,264464,51.46655872462325,29349.0,0.9846136710634156,29349.0,19400.0,0.0,0.0,0.0,14745600,6.870229007633588,98.12940815700705,model_28/tf.nn.relu_8/Relu;model_28/tf.math.add_12/Add;model_28/tf.nn.convolution_8/convolution;Const_230
CONV_2D,Conv2DBias,103744,20.189313737700836,7023.0,0.23561081508325218,7023.0,6560.0,0.0,0.0,0.0,1638400,0.7633587786259541,45.56457354406949,model_28/tf.nn.relu_9/Relu;model_28/tf.math.add_13/Add;model_28/tf.nn.convolution_9/convolution;Const_228
CONCATENATION,AvgPool,153600,29.891642794868602,3578.0,0.12003637994701356,3578.0,3360.0,0.0,0.0,0.0,25600,0.011927480916030533,1.3974287311347122,model_28/tf.concat_1/concat0_avgpool
CONCATENATION,AvgPool,153600,29.891642794868602,3578.0,0.12003637994701356,3578.0,3360.0,0.0,0.0,0.0,25600,0.011927480916030533,1.3974287311347122,model_28/tf.concat_1/concat1_avgpool
CONV_2D,Conv2DBias,180768,35.178727114210986,9080.0,0.30461999159275666,9080.0,4064.0,0.0,0.0,0.0,1843200,0.8587786259541985,39.647577092511014,model_28/tf.nn.relu_10/Relu;model_28/tf.math.add_14/Add;model_28/tf.nn.convolution_10/convolution;Const_226
CONV_2D,Conv2DBias,206208,40.1295304521111,6240.0,0.20934237307696052,6240.0,4064.0,0.0,0.0,0.0,1843200,0.8587786259541985,57.692307692307686,model_28/tf.nn.relu_11/Relu;model_28/tf.math.add_15/Add;model_28/tf.nn.convolution_11/convolution;Const_224
ADD,Add,179200,34.873583260680036,9600.0,0.32206518934917,9600.0,4800.0,0.0,0.0,0.0,0,0.0,0.0,model_28/tf.math.add_17/Add
CONCATENATION,AvgPool,128000,24.90970232905717,3578.0,0.12003637994701356,3578.0,3360.0,0.0,0.0,0.0,25600,0.011927480916030533,1.3974287311347122,model_28/tf.concat_1/concat2_avgpool
CONV_2D,Conv2DBias,155120,30.187445510026155,6110.0,0.20498107363785714,6110.0,4064.0,0.0,0.0,0.0,1843200,0.8587786259541985,58.91980360065466,model_28/tf.nn.relu_12/Relu;model_28/tf.math.add_18/Add;model_28/tf.nn.convolution_12/convolution;Const_222
CONV_2D,Conv2DBias,180640,35.153817411881924,6240.0,0.20934237307696052,6240.0,4064.0,0.0,0.0,0.0,1843200,0.8587786259541985,57.692307692307686,model_28/tf.nn.relu_13/Relu;model_28/tf.math.add_19/Add;model_28/tf.nn.convolution_13/convolution;Const_220
ADD,Add,153600,29.891642794868602,9600.0,0.32206518934917,9600.0,4800.0,0.0,0.0,0.0,0,0.0,0.0,model_28/tf.math.add_21/Add
CONCATENATION,AvgPool,128000,24.90970232905717,3578.0,0.12003637994701356,3578.0,3360.0,0.0,0.0,0.0,25600,0.011927480916030533,1.3974287311347122,model_28/tf.concat_1/concat3_avgpool
CONV_2D,Conv2DBias,106976,20.818283721509527,17478.0,0.5863599353588326,17478.0,6400.0,9600.0096000096,0.0,0.0,6553600,3.0534351145038165,73.23492390433688,model_28/tf.nn.relu_14/Relu;model_28/tf.math.add_22/Add;model_28/tf.nn.convolution_14/convolution;Const_218
CONV_2D,Conv2DBias,58976,11.477145348113089,36064.0,1.2098915613217152,36064.0,1600.0,29568.029568029568,0.0,0.0,14745600,6.870229007633588,79.85803016858918,model_28/tf.nn.relu_15/Relu;model_28/tf.math.add_23/Add;model_28/tf.nn.convolution_15/convolution;Const_215
CONV_2D,Conv2DBias,55872,10.873085066633454,4320.0,0.14492933520712648,4320.0,3520.0,0.0,0.0,0.0,1638400,0.7633587786259541,74.07407407407408,model_28/tf.nn.relu_16/Relu;model_28/tf.math.add_24/Add;model_28/tf.nn.convolution_16/convolution;Const_213
CONCATENATION,AvgPool,76800,14.945821397434301,1643.0,0.05512011521882149,1643.0,1600.0,0.0,0.0,0.0,12800,0.005963740458015267,1.5216068167985393,model_28/tf.concat_4/concat0_avgpool
CONCATENATION,AvgPool,76800,14.945821397434301,1643.0,0.05512011521882149,1643.0,1600.0,0.0,0.0,0.0,12800,0.005963740458015267,1.5216068167985393,model_28/tf.concat_4/concat1_avgpool
CONV_2D,Conv2DBias,83904,16.328309876696974,1360.0,0.04562590182446575,1143.0,1360.0,0.0,0.0,0.0,204800,0.09541984732824427,29.411764705882355,model_28/tf.nn.relu_17/Relu;model_28/tf.math.add_25/Add;model_28/tf.nn.convolution_17/convolution;Const_211
CONV_2D,Conv2DBias,92224,17.94744052808569,3293.0,0.11047506963821009,3293.0,1000.0,0.0,0.0,0.0,921600,0.42938931297709926,54.66140297600972,model_28/tf.nn.relu_19/Relu;model_28/tf.math.add_27/Add;model_28/tf.nn.convolution_19/convolution;Const_209
CONV_2D,Conv2DBias,98640,19.19603935732968,3293.0,0.11047506963821009,3293.0,1000.0,0.0,0.0,0.0,921600,0.42938931297709926,54.66140297600972,model_28/tf.nn.relu_20/Relu;model_28/tf.math.add_28/Add;model_28/tf.nn.convolution_20/convolution;Const_207
ADD,Add,89600,17.436791630340018,2400.0,0.0805162973372925,2400.0,1200.0,0.0,0.0,0.0,0,0.0,0.0,model_28/tf.math.add_30/Add
CONV_2D,Conv2DBias,92224,17.94744052808569,3707.0,0.12436413092889304,3707.0,1000.0,0.0,0.0,0.0,921600,0.42938931297709926,48.556784461828975,model_28/tf.nn.relu_21/Relu;model_28/tf.math.add_31/Add;model_28/tf.nn.convolution_21/convolution;Const_205
CONV_2D,Conv2DBias,98704,19.20849420849421,3293.0,0.11047506963821009,3293.0,1000.0,0.0,0.0,0.0,921600,0.42938931297709926,54.66140297600972,model_28/tf.nn.relu_22/Relu;model_28/tf.math.add_32/Add;model_28/tf.nn.convolution_22/convolution;Const_202
ADD,Add,89600,17.436791630340018,2400.0,0.0805162973372925,2400.0,1200.0,0.0,0.0,0.0,0,0.0,0.0,model_28/tf.math.add_34/Add
CONCATENATION,AvgPool,96000,18.682276746792876,1263.0,0.04237170147375018,1263.0,880.0,0.0,0.0,0.0,6400,0.0029818702290076333,0.9897070467141725,model_28/tf.concat_2/concat0_avgpool
CONV_2D,Conv2DBias,96704,18.81928010960269,1360.0,0.04562590182446575,1143.0,1360.0,0.0,0.0,0.0,204800,0.09541984732824427,29.411764705882355,model_28/tf.nn.relu_18/Relu;model_28/tf.math.add_26/Add;model_28/tf.nn.convolution_18/convolution;Const_201
CONCATENATION,AvgPool,70400,13.700336280981443,1263.0,0.04237170147375018,1263.0,880.0,0.0,0.0,0.0,6400,0.0029818702290076333,0.9897070467141725,model_28/tf.concat_2/concat1_avgpool
CONV_2D,Conv2DBias,78160,15.210486984680532,2223.0,0.07457822040866718,2223.0,1760.0,0.0,0.0,0.0,409600,0.19083969465648853,35.98740440845704,model_28/tf.nn.relu_23/Relu;model_28/tf.math.add_35/Add;model_28/tf.nn.convolution_23/convolution;Const_199
CONCATENATION,AvgPool,64000,12.454851164528584,1643.0,0.05512011521882149,1643.0,1600.0,0.0,0.0,0.0,12800,0.005963740458015267,1.5216068167985393,model_28/tf.concat_4/concat2_avgpool
CONV_2D,Conv2DBias,71072,13.831112218208993,1360.0,0.04562590182446575,1143.0,1360.0,0.0,0.0,0.0,204800,0.09541984732824427,29.411764705882355,model_28/tf.nn.relu_24/Relu;model_28/tf.math.add_36/Add;model_28/tf.nn.convolution_24/convolution;Const_197
CONV_2D,Conv2DBias,79472,15.46581143355337,3293.0,0.11047506963821009,3293.0,1000.0,0.0,0.0,0.0,921600,0.42938931297709926,54.66140297600972,model_28/tf.nn.relu_26/Relu;model_28/tf.math.add_38/Add;model_28/tf.nn.convolution_26/convolution;Const_195
CONV_2D,Conv2DBias,85888,16.71441026279736,3293.0,0.11047506963821009,3293.0,1000.0,0.0,0.0,0.0,921600,0.42938931297709926,54.66140297600972,model_28/tf.nn.relu_27/Relu;model_28/tf.math.add_39/Add;model_28/tf.nn.convolution_27/convolution;Const_193
ADD,Add,76800,14.945821397434301,2400.0,0.0805162973372925,2400.0,1200.0,0.0,0.0,0.0,0,0.0,0.0,model_28/tf.math.add_41/Add
CONV_2D,Conv2DBias,79488,15.4689251463445,3713.0,0.12456542167223626,3713.0,1000.0,0.0,0.0,0.0,921600,0.42938931297709926,48.47831941826017,model_28/tf.nn.relu_28/Relu;model_28/tf.math.add_42/Add;model_28/tf.nn.convolution_28/convolution;Const_191
CONV_2D,Conv2DBias,85904,16.71752397558849,3293.0,0.11047506963821009,3293.0,1000.0,0.0,0.0,0.0,921600,0.42938931297709926,54.66140297600972,model_28/tf.nn.relu_29/Relu;model_28/tf.math.add_43/Add;model_28/tf.nn.convolution_29/convolution;Const_188
ADD,Add,76800,14.945821397434301,2400.0,0.0805162973372925,2400.0,1200.0,0.0,0.0,0.0,0,0.0,0.0,model_28/tf.math.add_45/Add
CONCATENATION,AvgPool,83200,16.19130651388716,1263.0,0.04237170147375018,1263.0,880.0,0.0,0.0,0.0,6400,0.0029818702290076333,0.9897070467141725,model_28/tf.concat_3/concat0_avgpool
CONV_2D,Conv2DBias,83904,16.328309876696974,1360.0,0.04562590182446575,1143.0,1360.0,0.0,0.0,0.0,204800,0.09541984732824427,29.411764705882355,model_28/tf.nn.relu_25/Relu;model_28/tf.math.add_37/Add;model_28/tf.nn.convolution_25/convolution;Const_187
CONCATENATION,AvgPool,70400,13.700336280981443,1263.0,0.04237170147375018,1263.0,880.0,0.0,0.0,0.0,6400,0.0029818702290076333,0.9897070467141725,model_28/tf.concat_3/concat1_avgpool
CONV_2D,Conv2DBias,78144,15.207373271889402,2223.0,0.07457822040866718,2223.0,1760.0,0.0,0.0,0.0,409600,0.19083969465648853,35.98740440845704,model_28/tf.nn.relu_30/Relu;model_28/tf.math.add_46/Add;model_28/tf.nn.convolution_30/convolution;Const_185
CONCATENATION,AvgPool,64000,12.454851164528584,1643.0,0.05512011521882149,1643.0,1600.0,0.0,0.0,0.0,12800,0.005963740458015267,1.5216068167985393,model_28/tf.concat_4/concat3_avgpool
CONV_2D,Conv2DBias,59760,11.629717274878566,8448.0,0.28341736662726963,8448.0,3840.0,2400.0024000024,0.0,0.0,3276800,1.5267175572519083,75.75757575757575,model_28/tf.nn.relu_31/Relu;model_28/tf.math.add_47/Add;model_28/tf.nn.convolution_31/convolution;Const_183
CONV_2D,Conv2DBias,81504,15.861252958027153,18763.0,0.6294697028915079,18763.0,800.0,13440.013440013441,0.0,0.0,7372800,3.435114503816794,76.74678889303416,model_28/tf.nn.relu_32/Relu;model_28/tf.math.add_48/Add;model_28/tf.nn.convolution_32/convolution;Const_180
CONV_2D,Conv2DBias,42800,8.329181716278491,4320.0,0.14492933520712648,4320.0,2720.0,0.0,0.0,0.0,1638400,0.7633587786259541,74.07407407407408,model_28/tf.nn.relu_33/Relu;model_28/tf.math.add_49/Add;model_28/tf.nn.convolution_33/convolution;Const_178
CONCATENATION,AvgPool,38400,7.4729106987171505,1235.0,0.04143234467148177,1235.0,976.0,0.0,0.0,0.0,6400,0.0029818702290076333,1.0121457489878543,model_28/tf.concat_7/concat0_avgpool
CONCATENATION,AvgPool,38400,7.4729106987171505,1235.0,0.04143234467148177,1235.0,976.0,0.0,0.0,0.0,6400,0.0029818702290076333,1.0121457489878543,model_28/tf.concat_7/concat1_avgpool
CONV_2D,Conv2DBias,43936,8.550255324448873,800.0,0.0268387657790975,800.0,600.0,0.0,0.0,0.0,204800,0.09541984732824427,50.0,model_28/tf.nn.relu_34/Relu;model_28/tf.math.add_50/Add;model_28/tf.nn.convolution_34/convolution;Const_176
CONV_2D,Conv2DBias,53552,10.421596711919292,3460.0,0.11607766199459668,3460.0,600.0,0.0,0.0,0.0,921600,0.42938931297709926,52.02312138728323,model_28/tf.nn.relu_36/Relu;model_28/tf.math.add_52/Add;model_28/tf.nn.convolution_36/convolution;Const_174
CONV_2D,Conv2DBias,56848,11.063021546892514,3394.0,0.11386346381782114,3394.0,600.0,0.0,0.0,0.0,921600,0.42938931297709926,53.03476723629935,model_28/tf.nn.relu_37/Relu;model_28/tf.math.add_53/Add;model_28/tf.nn.convolution_37/convolution;Const_172
ADD,Add,44800,8.718395815170009,1200.0,0.04025814866864625,1200.0,600.0,0.0,0.0,0.0,0,0.0,0.0,model_28/tf.math.add_55/Add
CONV_2D,Conv2DBias,53632,10.437165275874953,4646.0,0.15586613226210871,4646.0,600.0,0.0,0.0,0.0,921600,0.42938931297709926,38.743004735256136,model_28/tf.nn.relu_38/Relu;model_28/tf.math.add_56/Add;model_28/tf.nn.convolution_38/convolution;Const_170
CONV_2D,Conv2DBias,56768,11.047452982936854,3388.0,0.11366217307447792,3388.0,600.0,0.0,0.0,0.0,921600,0.42938931297709926,53.128689492325854,model_28/tf.nn.relu_39/Relu;model_28/tf.math.add_57/Add;model_28/tf.nn.convolution_39/convolution;Const_167
ADD,Add,44800,8.718395815170009,1200.0,0.04025814866864625,1200.0,600.0,0.0,0.0,0.0,0,0.0,0.0,model_28/tf.math.add_59/Add
CONCATENATION,AvgPool,48000,9.341138373396438,633.0,0.021236173422710895,633.0,440.0,0.0,0.0,0.0,3200,0.0014909351145038167,0.9873617693522907,model_28/tf.concat_5/concat0_avgpool
CONV_2D,Conv2DBias,50368,9.801967866483995,800.0,0.0268387657790975,800.0,600.0,0.0,0.0,0.0,204800,0.09541984732824427,50.0,model_28/tf.nn.relu_35/Relu;model_28/tf.math.add_51/Add;model_28/tf.nn.convolution_35/convolution;Const_166
CONCATENATION,AvgPool,35200,6.850168140490721,633.0,0.021236173422710895,633.0,440.0,0.0,0.0,0.0,3200,0.0014909351145038167,0.9873617693522907,model_28/tf.concat_5/concat1_avgpool
CONV_2D,Conv2DBias,43024,8.37277369535434,1440.0,0.0483097784023755,1440.0,880.0,0.0,0.0,0.0,409600,0.19083969465648853,55.55555555555556,model_28/tf.nn.relu_40/Relu;model_28/tf.math.add_60/Add;model_28/tf.nn.convolution_40/convolution;Const_164
CONCATENATION,AvgPool,32000,6.227425582264292,2223.0,0.07457822040866718,2223.0,1040.0,0.0,0.0,0.0,6400,0.0029818702290076333,0.5623031938821412,model_28/tf.concat_7/concat2_avgpool
CONV_2D,Conv2DBias,37584,7.31411134636941,800.0,0.0268387657790975,800.0,600.0,0.0,0.0,0.0,204800,0.09541984732824427,50.0,model_28/tf.nn.relu_41/Relu;model_28/tf.math.add_61/Add;model_28/tf.nn.convolution_41/convolution;Const_162
CONV_2D,Conv2DBias,47168,9.179225308257566,3448.0,0.11567508050791021,3448.0,600.0,0.0,0.0,0.0,921600,0.42938931297709926,52.204176334106734,model_28/tf.nn.relu_43/Relu;model_28/tf.math.add_63/Add;model_28/tf.nn.convolution_43/convolution;Const_160
CONV_2D,Conv2DBias,50416,9.811309004857392,3393.0,0.11382991536059728,3393.0,600.0,0.0,0.0,0.0,921600,0.42938931297709926,53.05039787798409,model_28/tf.nn.relu_44/Relu;model_28/tf.math.add_64/Add;model_28/tf.nn.convolution_44/convolution;Const_158
ADD,Add,38400,7.4729106987171505,1200.0,0.04025814866864625,1200.0,600.0,0.0,0.0,0.0,0,0.0,0.0,model_28/tf.math.add_66/Add
CONV_2D,Conv2DBias,47152,9.176111595466434,4637.0,0.15556419614709388,4637.0,600.0,0.0,0.0,0.0,921600,0.42938931297709926,38.81820142333405,model_28/tf.nn.relu_45/Relu;model_28/tf.math.add_67/Add;model_28/tf.nn.convolution_45/convolution;Const_156
CONV_2D,Conv2DBias,50480,9.823763856021921,3397.0,0.11396410918949275,3397.0,600.0,0.0,0.0,0.0,921600,0.42938931297709926,52.987930526935536,model_28/tf.nn.relu_46/Relu;model_28/tf.math.add_68/Add;model_28/tf.nn.convolution_46/convolution;Const_153
ADD,Add,38400,7.4729106987171505,1200.0,0.04025814866864625,1200.0,600.0,0.0,0.0,0.0,0,0.0,0.0,model_28/tf.math.add_70/Add
CONCATENATION,AvgPool,41600,8.09565325694358,633.0,0.021236173422710895,633.0,440.0,0.0,0.0,0.0,3200,0.0014909351145038167,0.9873617693522907,model_28/tf.concat_6/concat0_avgpool
CONV_2D,Conv2DBias,44000,8.562710175613402,800.0,0.0268387657790975,800.0,600.0,0.0,0.0,0.0,204800,0.09541984732824427,50.0,model_28/tf.nn.relu_42/Relu;model_28/tf.math.add_62/Add;model_28/tf.nn.convolution_42/convolution;Const_152
CONCATENATION,AvgPool,35200,6.850168140490721,633.0,0.021236173422710895,633.0,440.0,0.0,0.0,0.0,3200,0.0014909351145038167,0.9873617693522907,model_28/tf.concat_6/concat1_avgpool
CONV_2D,Conv2DBias,43024,8.37277369535434,1440.0,0.0483097784023755,1440.0,880.0,0.0,0.0,0.0,409600,0.19083969465648853,55.55555555555556,model_28/tf.nn.relu_47/Relu;model_28/tf.math.add_71/Add;model_28/tf.nn.convolution_47/convolution;Const_150
CONCATENATION,AvgPool,32000,6.227425582264292,2223.0,0.07457822040866718,2223.0,1040.0,0.0,0.0,0.0,6400,0.0029818702290076333,0.5623031938821412,model_28/tf.concat_7/concat3_avgpool
CONV_2D,Conv2DBias,70976,13.812429941462199,8373.0,0.2809012323354792,8373.0,4640.0,0.0,0.0,0.0,3276800,1.5267175572519083,76.43616386002627,model_28/tf.nn.relu_48/Relu;model_28/tf.math.add_72/Add;model_28/tf.nn.convolution_48/convolution;Const_148
CONV_2D,Conv2DBias,27824,5.414746543778802,2400.0,0.0805162973372925,2400.0,1360.0,0.0,0.0,0.0,819200,0.38167938931297707,66.66666666666666,model_28/tf.nn.relu_49/Relu;model_28/tf.math.add_73/Add;model_28/tf.nn.convolution_49/convolution;Const_146
CONCATENATION,AvgPool,32000,6.227425582264292,2223.0,0.07457822040866718,2223.0,1040.0,0.0,0.0,0.0,6400,0.0029818702290076333,0.5623031938821412,model_28/tf.concat_8/concat0_avgpool
MAX_POOL_2D,MaxPool,38400,7.4729106987171505,1663.0,0.05579108436329893,1663.0,1200.0,0.0,0.0,0.0,57600,0.026836832061068704,6.764882742032471,model_28/tf.compat.v1.nn.pool/max_pool
CONCATENATION,AvgPool,32000,6.227425582264292,2223.0,0.07457822040866718,2223.0,1040.0,0.0,0.0,0.0,6400,0.0029818702290076333,0.5623031938821412,model_28/tf.concat_8/concat1_avgpool
MAX_POOL_2D,MaxPool,38400,7.4729106987171505,1663.0,0.05579108436329893,1663.0,1200.0,0.0,0.0,0.0,57600,0.026836832061068704,6.764882742032471,model_28/tf.compat.v1.nn.pool_1/max_pool
CONCATENATION,AvgPool,32000,6.227425582264292,2223.0,0.07457822040866718,2223.0,1040.0,0.0,0.0,0.0,6400,0.0029818702290076333,0.5623031938821412,model_28/tf.concat_8/concat2_avgpool
MAX_POOL_2D,MaxPool,38400,7.4729106987171505,1663.0,0.05579108436329893,1663.0,1200.0,0.0,0.0,0.0,57600,0.026836832061068704,6.764882742032471,model_28/tf.compat.v1.nn.pool_2/max_pool
CONCATENATION,AvgPool,32000,6.227425582264292,2223.0,0.07457822040866718,2223.0,1040.0,0.0,0.0,0.0,6400,0.0029818702290076333,0.5623031938821412,model_28/tf.concat_8/concat3_avgpool
CONV_2D,Conv2DBias,70096,13.641175737949931,8373.0,0.2809012323354792,8373.0,4640.0,0.0,0.0,0.0,3276800,1.5267175572519083,76.43616386002627,model_28/tf.nn.relu_50/Relu;model_28/tf.math.add_74/Add;model_28/tf.nn.convolution_50/convolution;Const_144
CONV_2D,Conv2DBias,30112,5.860007472910699,4608.0,0.1545912908876016,4608.0,1920.0,1200.0012000012,0.0,0.0,1638400,0.7633587786259541,69.44444444444444,model_28/tf.nn.relu_51/Relu;model_28/tf.math.add_75/Add;model_28/tf.nn.convolution_51/convolution;Const_142
CONV_2D,Conv2DBias,22272,4.334288205255947,4942.0,0.1657964756003748,4942.0,800.0,1440.00144000144,0.0,0.0,819200,0.38167938931297707,32.375556454876566,model_28/tf.math.add_76/Add;model_28/tf.nn.convolution_52/convolution;Const_140
TRANSPOSE,AvgPool,12800,2.490970232905717,320081.0,10.738223736674133,320081.0,825.0,1200.0012000012,0.0,0.0,12800,0.005963740458015267,0.007810522961375402,model_28/tf.compat.v1.transpose_14/transpose_avgpool
STRIDED_SLICE,AvgPool,0,0.0,16536.0,0.5547572886539454,16536.0,0.0,1200.0012000012,0.0,0.0,6400,0.0029818702290076333,0.07559264634736332,model_28/tf.strided_slice_12/StridedSlice_avgpool
RESHAPE,Memcpy,0,0.0,0.0,0.0,0.0,0.0,0.0,0.0,0.0,0,0.0,100.0,model_28/tf.reshape_5/Reshape
TFLite_operator,NNG Operator,SRAM Usage,Peak%,Op Cycles,Network%,NPU,SRAM AC,DRAM AC,OnFlash AC,OffFlash AC,MAC Count,Network%,Util%,Name
CONV_2D,Conv2DBias,1664,0.32382613027774315,4100.0,0.13754867461787468,4100.0,100.0,9.375009375009375,0.0,0.0,900,0.0004193255009541985,0.0428734756097561,model_28/tf.math.add_77/Add;model_28/tf.nn.convolution_53/convolution;Const_139_cg0
CONV_2D,AvgPool,1600,0.3113712791132146,2913.0,0.09772665589313878,2913.0,144.0,9.375009375009375,0.0,0.0,100,4.659172232824427e-05,0.006704857535187092,model_28/tf.math.add_77/Add;model_28/tf.nn.convolution_53/convolution;Const_139_concat0_avgpool
CONV_2D,Conv2DBias,1664,0.32382613027774315,1526.0,0.05119494572362848,1526.0,100.0,9.375009375009375,0.0,0.0,900,0.0004193255009541985,0.11519085845347313,model_28/tf.math.add_77/Add;model_28/tf.nn.convolution_53/convolution;Const_139_cg1
CONV_2D,AvgPool,1600,0.3113712791132146,2913.0,0.09772665589313878,2913.0,144.0,9.375009375009375,0.0,0.0,100,4.659172232824427e-05,0.006704857535187092,model_28/tf.math.add_77/Add;model_28/tf.nn.convolution_53/convolution;Const_139_concat1_avgpool
CONV_2D,Conv2DBias,1664,0.32382613027774315,1526.0,0.05119494572362848,1526.0,100.0,9.375009375009375,0.0,0.0,900,0.0004193255009541985,0.11519085845347313,model_28/tf.math.add_77/Add;model_28/tf.nn.convolution_53/convolution;Const_139_cg2
CONV_2D,AvgPool,1600,0.3113712791132146,2913.0,0.09772665589313878,2913.0,144.0,9.375009375009375,0.0,0.0,100,4.659172232824427e-05,0.006704857535187092,model_28/tf.math.add_77/Add;model_28/tf.nn.convolution_53/convolution;Const_139_concat2_avgpool
CONV_2D,Conv2DBias,1664,0.32382613027774315,1526.0,0.05119494572362848,1526.0,100.0,9.375009375009375,0.0,0.0,900,0.0004193255009541985,0.11519085845347313,model_28/tf.math.add_77/Add;model_28/tf.nn.convolution_53/convolution;Const_139_cg3
CONV_2D,AvgPool,1600,0.3113712791132146,2913.0,0.09772665589313878,2913.0,144.0,9.375009375009375,0.0,0.0,100,4.659172232824427e-05,0.006704857535187092,model_28/tf.math.add_77/Add;model_28/tf.nn.convolution_53/convolution;Const_139_concat3_avgpool
CONV_2D,Conv2DBias,1664,0.32382613027774315,1526.0,0.05119494572362848,1526.0,100.0,9.375009375009375,0.0,0.0,900,0.0004193255009541985,0.11519085845347313,model_28/tf.math.add_77/Add;model_28/tf.nn.convolution_53/convolution;Const_139_cg4
CONV_2D,AvgPool,1600,0.3113712791132146,2913.0,0.09772665589313878,2913.0,144.0,9.375009375009375,0.0,0.0,100,4.659172232824427e-05,0.006704857535187092,model_28/tf.math.add_77/Add;model_28/tf.nn.convolution_53/convolution;Const_139_concat4_avgpool
CONV_2D,Conv2DBias,1664,0.32382613027774315,1526.0,0.05119494572362848,1526.0,100.0,9.375009375009375,0.0,0.0,900,0.0004193255009541985,0.11519085845347313,model_28/tf.math.add_77/Add;model_28/tf.nn.convolution_53/convolution;Const_139_cg5
CONV_2D,AvgPool,1600,0.3113712791132146,2913.0,0.09772665589313878,2913.0,144.0,9.375009375009375,0.0,0.0,100,4.659172232824427e-05,0.006704857535187092,model_28/tf.math.add_77/Add;model_28/tf.nn.convolution_53/convolution;Const_139_concat5_avgpool
CONV_2D,Conv2DBias,1664,0.32382613027774315,1526.0,0.05119494572362848,1526.0,100.0,9.375009375009375,0.0,0.0,900,0.0004193255009541985,0.11519085845347313,model_28/tf.math.add_77/Add;model_28/tf.nn.convolution_53/convolution;Const_139_cg6
CONV_2D,AvgPool,1600,0.3113712791132146,2913.0,0.09772665589313878,2913.0,144.0,9.375009375009375,0.0,0.0,100,4.659172232824427e-05,0.006704857535187092,model_28/tf.math.add_77/Add;model_28/tf.nn.convolution_53/convolution;Const_139_concat6_avgpool
CONV_2D,Conv2DBias,1664,0.32382613027774315,1526.0,0.05119494572362848,1526.0,100.0,9.375009375009375,0.0,0.0,900,0.0004193255009541985,0.11519085845347313,model_28/tf.math.add_77/Add;model_28/tf.nn.convolution_53/convolution;Const_139_cg7
CONV_2D,AvgPool,1600,0.3113712791132146,2913.0,0.09772665589313878,2913.0,144.0,9.375009375009375,0.0,0.0,100,4.659172232824427e-05,0.006704857535187092,model_28/tf.math.add_77/Add;model_28/tf.nn.convolution_53/convolution;Const_139_concat7_avgpool
CONV_2D,Conv2DBias,1664,0.32382613027774315,1526.0,0.05119494572362848,1526.0,100.0,9.375009375009375,0.0,0.0,900,0.0004193255009541985,0.11519085845347313,model_28/tf.math.add_77/Add;model_28/tf.nn.convolution_53/convolution;Const_139_cg8
CONV_2D,AvgPool,1600,0.3113712791132146,2913.0,0.09772665589313878,2913.0,144.0,9.375009375009375,0.0,0.0,100,4.659172232824427e-05,0.006704857535187092,model_28/tf.math.add_77/Add;model_28/tf.nn.convolution_53/convolution;Const_139_concat8_avgpool
CONV_2D,Conv2DBias,1664,0.32382613027774315,1526.0,0.05119494572362848,1526.0,100.0,9.375009375009375,0.0,0.0,900,0.0004193255009541985,0.11519085845347313,model_28/tf.math.add_77/Add;model_28/tf.nn.convolution_53/convolution;Const_139_cg9
CONV_2D,AvgPool,1600,0.3113712791132146,2913.0,0.09772665589313878,2913.0,144.0,9.375009375009375,0.0,0.0,100,4.659172232824427e-05,0.006704857535187092,model_28/tf.math.add_77/Add;model_28/tf.nn.convolution_53/convolution;Const_139_concat9_avgpool
CONV_2D,Conv2DBias,1664,0.32382613027774315,1526.0,0.05119494572362848,1526.0,100.0,9.375009375009375,0.0,0.0,900,0.0004193255009541985,0.11519085845347313,model_28/tf.math.add_77/Add;model_28/tf.nn.convolution_53/convolution;Const_139_cg10
CONV_2D,AvgPool,1600,0.3113712791132146,2913.0,0.09772665589313878,2913.0,144.0,9.375009375009375,0.0,0.0,100,4.659172232824427e-05,0.006704857535187092,model_28/tf.math.add_77/Add;model_28/tf.nn.convolution_53/convolution;Const_139_concat10_avgpool
CONV_2D,Conv2DBias,1664,0.32382613027774315,1526.0,0.05119494572362848,1526.0,100.0,9.375009375009375,0.0,0.0,900,0.0004193255009541985,0.11519085845347313,model_28/tf.math.add_77/Add;model_28/tf.nn.convolution_53/convolution;Const_139_cg11
CONV_2D,AvgPool,1600,0.3113712791132146,2913.0,0.09772665589313878,2913.0,144.0,9.375009375009375,0.0,0.0,100,4.659172232824427e-05,0.006704857535187092,model_28/tf.math.add_77/Add;model_28/tf.nn.convolution_53/convolution;Const_139_concat11_avgpool
CONV_2D,Conv2DBias,1664,0.32382613027774315,1526.0,0.05119494572362848,1526.0,100.0,9.375009375009375,0.0,0.0,900,0.0004193255009541985,0.11519085845347313,model_28/tf.math.add_77/Add;model_28/tf.nn.convolution_53/convolution;Const_139_cg12
CONV_2D,AvgPool,1600,0.3113712791132146,2913.0,0.09772665589313878,2913.0,144.0,9.375009375009375,0.0,0.0,100,4.659172232824427e-05,0.006704857535187092,model_28/tf.math.add_77/Add;model_28/tf.nn.convolution_53/convolution;Const_139_concat12_avgpool
CONV_2D,Conv2DBias,1664,0.32382613027774315,1526.0,0.05119494572362848,1526.0,100.0,9.375009375009375,0.0,0.0,900,0.0004193255009541985,0.11519085845347313,model_28/tf.math.add_77/Add;model_28/tf.nn.convolution_53/convolution;Const_139_cg13
CONV_2D,AvgPool,1600,0.3113712791132146,2913.0,0.09772665589313878,2913.0,144.0,9.375009375009375,0.0,0.0,100,4.659172232824427e-05,0.006704857535187092,model_28/tf.math.add_77/Add;model_28/tf.nn.convolution_53/convolution;Const_139_concat13_avgpool
CONV_2D,Conv2DBias,1664,0.32382613027774315,1526.0,0.05119494572362848,1526.0,100.0,9.375009375009375,0.0,0.0,900,0.0004193255009541985,0.11519085845347313,model_28/tf.math.add_77/Add;model_28/tf.nn.convolution_53/convolution;Const_139_cg14
CONV_2D,AvgPool,1600,0.3113712791132146,2913.0,0.09772665589313878,2913.0,144.0,9.375009375009375,0.0,0.0,100,4.659172232824427e-05,0.006704857535187092,model_28/tf.math.add_77/Add;model_28/tf.nn.convolution_53/convolution;Const_139_concat14_avgpool
CONV_2D,Conv2DBias,1664,0.32382613027774315,1526.0,0.05119494572362848,1526.0,100.0,9.375009375009375,0.0,0.0,900,0.0004193255009541985,0.11519085845347313,model_28/tf.math.add_77/Add;model_28/tf.nn.convolution_53/convolution;Const_139_cg15
CONV_2D,AvgPool,1600,0.3113712791132146,2913.0,0.09772665589313878,2913.0,144.0,9.375009375009375,0.0,0.0,100,4.659172232824427e-05,0.006704857535187092,model_28/tf.math.add_77/Add;model_28/tf.nn.convolution_53/convolution;Const_139_concat15_avgpool
CONV_2D,Conv2DBias,1664,0.32382613027774315,1526.0,0.05119494572362848,1526.0,100.0,9.375009375009375,0.0,0.0,900,0.0004193255009541985,0.11519085845347313,model_28/tf.math.add_77/Add;model_28/tf.nn.convolution_53/convolution;Const_139_cg16
CONV_2D,AvgPool,1600,0.3113712791132146,2913.0,0.09772665589313878,2913.0,144.0,9.375009375009375,0.0,0.0,100,4.659172232824427e-05,0.006704857535187092,model_28/tf.math.add_77/Add;model_28/tf.nn.convolution_53/convolution;Const_139_concat16_avgpool
CONV_2D,Conv2DBias,1664,0.32382613027774315,1526.0,0.05119494572362848,1526.0,100.0,9.375009375009375,0.0,0.0,900,0.0004193255009541985,0.11519085845347313,model_28/tf.math.add_77/Add;model_28/tf.nn.convolution_53/convolution;Const_139_cg17
CONV_2D,AvgPool,1600,0.3113712791132146,2913.0,0.09772665589313878,2913.0,144.0,9.375009375009375,0.0,0.0,100,4.659172232824427e-05,0.006704857535187092,model_28/tf.math.add_77/Add;model_28/tf.nn.convolution_53/convolution;Const_139_concat17_avgpool
CONV_2D,Conv2DBias,1664,0.32382613027774315,1526.0,0.05119494572362848,1526.0,100.0,9.375009375009375,0.0,0.0,900,0.0004193255009541985,0.11519085845347313,model_28/tf.math.add_77/Add;model_28/tf.nn.convolution_53/convolution;Const_139_cg18
CONV_2D,AvgPool,1600,0.3113712791132146,2913.0,0.09772665589313878,2913.0,144.0,9.375009375009375,0.0,0.0,100,4.659172232824427e-05,0.006704857535187092,model_28/tf.math.add_77/Add;model_28/tf.nn.convolution_53/convolution;Const_139_concat18_avgpool
CONV_2D,Conv2DBias,1648,0.32071241748661106,1526.0,0.05119494572362848,1526.0,100.0,9.375009375009375,0.0,0.0,900,0.0004193255009541985,0.11519085845347313,model_28/tf.math.add_77/Add;model_28/tf.nn.convolution_53/convolution;Const_139_cg19
CONV_2D,AvgPool,1600,0.3113712791132146,2913.0,0.09772665589313878,2913.0,144.0,9.375009375009375,0.0,0.0,100,4.659172232824427e-05,0.006704857535187092,model_28/tf.math.add_77/Add;model_28/tf.nn.convolution_53/convolution;Const_139_concat19_avgpool
CONV_2D,Conv2DBias,1664,0.32382613027774315,1526.0,0.05119494572362848,1526.0,100.0,9.375009375009375,0.0,0.0,900,0.0004193255009541985,0.11519085845347313,model_28/tf.math.add_77/Add;model_28/tf.nn.convolution_53/convolution;Const_139_cg20
CONV_2D,AvgPool,1600,0.3113712791132146,2913.0,0.09772665589313878,2913.0,144.0,9.375009375009375,0.0,0.0,100,4.659172232824427e-05,0.006704857535187092,model_28/tf.math.add_77/Add;model_28/tf.nn.convolution_53/convolution;Const_139_concat20_avgpool
CONV_2D,Conv2DBias,1664,0.32382613027774315,1526.0,0.05119494572362848,1526.0,100.0,9.375009375009375,0.0,0.0,900,0.0004193255009541985,0.11519085845347313,model_28/tf.math.add_77/Add;model_28/tf.nn.convolution_53/convolution;Const_139_cg21
CONV_2D,AvgPool,1600,0.3113712791132146,2913.0,0.09772665589313878,2913.0,144.0,9.375009375009375,0.0,0.0,100,4.659172232824427e-05,0.006704857535187092,model_28/tf.math.add_77/Add;model_28/tf.nn.convolution_53/convolution;Const_139_concat21_avgpool
CONV_2D,Conv2DBias,1664,0.32382613027774315,1526.0,0.05119494572362848,1526.0,100.0,9.375009375009375,0.0,0.0,900,0.0004193255009541985,0.11519085845347313,model_28/tf.math.add_77/Add;model_28/tf.nn.convolution_53/convolution;Const_139_cg22
CONV_2D,AvgPool,1600,0.3113712791132146,2913.0,0.09772665589313878,2913.0,144.0,9.375009375009375,0.0,0.0,100,4.659172232824427e-05,0.006704857535187092,model_28/tf.math.add_77/Add;model_28/tf.nn.convolution_53/convolution;Const_139_concat22_avgpool
CONV_2D,Conv2DBias,1664,0.32382613027774315,1526.0,0.05119494572362848,1526.0,100.0,9.375009375009375,0.0,0.0,900,0.0004193255009541985,0.11519085845347313,model_28/tf.math.add_77/Add;model_28/tf.nn.convolution_53/convolution;Const_139_cg23
CONV_2D,AvgPool,1600,0.3113712791132146,2913.0,0.09772665589313878,2913.0,144.0,9.375009375009375,0.0,0.0,100,4.659172232824427e-05,0.006704857535187092,model_28/tf.math.add_77/Add;model_28/tf.nn.convolution_53/convolution;Const_139_concat23_avgpool
CONV_2D,Conv2DBias,1664,0.32382613027774315,1526.0,0.05119494572362848,1526.0,100.0,9.375009375009375,0.0,0.0,900,0.0004193255009541985,0.11519085845347313,model_28/tf.math.add_77/Add;model_28/tf.nn.convolution_53/convolution;Const_139_cg24
CONV_2D,AvgPool,1600,0.3113712791132146,2913.0,0.09772665589313878,2913.0,144.0,9.375009375009375,0.0,0.0,100,4.659172232824427e-05,0.006704857535187092,model_28/tf.math.add_77/Add;model_28/tf.nn.convolution_53/convolution;Const_139_concat24_avgpool
CONV_2D,Conv2DBias,1664,0.32382613027774315,1526.0,0.05119494572362848,1526.0,100.0,9.375009375009375,0.0,0.0,900,0.0004193255009541985,0.11519085845347313,model_28/tf.math.add_77/Add;model_28/tf.nn.convolution_53/convolution;Const_139_cg25
CONV_2D,AvgPool,1600,0.3113712791132146,2913.0,0.09772665589313878,2913.0,144.0,9.375009375009375,0.0,0.0,100,4.659172232824427e-05,0.006704857535187092,model_28/tf.math.add_77/Add;model_28/tf.nn.convolution_53/convolution;Const_139_concat25_avgpool
CONV_2D,Conv2DBias,1664,0.32382613027774315,1526.0,0.05119494572362848,1526.0,100.0,9.375009375009375,0.0,0.0,900,0.0004193255009541985,0.11519085845347313,model_28/tf.math.add_77/Add;model_28/tf.nn.convolution_53/convolution;Const_139_cg26
CONV_2D,AvgPool,1600,0.3113712791132146,2913.0,0.09772665589313878,2913.0,144.0,9.375009375009375,0.0,0.0,100,4.659172232824427e-05,0.006704857535187092,model_28/tf.math.add_77/Add;model_28/tf.nn.convolution_53/convolution;Const_139_concat26_avgpool
CONV_2D,Conv2DBias,1664,0.32382613027774315,1526.0,0.05119494572362848,1526.0,100.0,9.375009375009375,0.0,0.0,900,0.0004193255009541985,0.11519085845347313,model_28/tf.math.add_77/Add;model_28/tf.nn.convolution_53/convolution;Const_139_cg27
CONV_2D,AvgPool,1600,0.3113712791132146,2913.0,0.09772665589313878,2913.0,144.0,9.375009375009375,0.0,0.0,100,4.659172232824427e-05,0.006704857535187092,model_28/tf.math.add_77/Add;model_28/tf.nn.convolution_53/convolution;Const_139_concat27_avgpool
CONV_2D,Conv2DBias,1664,0.32382613027774315,1526.0,0.05119494572362848,1526.0,100.0,9.375009375009375,0.0,0.0,900,0.0004193255009541985,0.11519085845347313,model_28/tf.math.add_77/Add;model_28/tf.nn.convolution_53/convolution;Const_139_cg28
CONV_2D,AvgPool,1600,0.3113712791132146,2913.0,0.09772665589313878,2913.0,144.0,9.375009375009375,0.0,0.0,100,4.659172232824427e-05,0.006704857535187092,model_28/tf.math.add_77/Add;model_28/tf.nn.convolution_53/convolution;Const_139_concat28_avgpool
CONV_2D,Conv2DBias,1664,0.32382613027774315,1526.0,0.05119494572362848,1526.0,100.0,9.375009375009375,0.0,0.0,900,0.0004193255009541985,0.11519085845347313,model_28/tf.math.add_77/Add;model_28/tf.nn.convolution_53/convolution;Const_139_cg29
CONV_2D,AvgPool,1600,0.3113712791132146,2913.0,0.09772665589313878,2913.0,144.0,9.375009375009375,0.0,0.0,100,4.659172232824427e-05,0.006704857535187092,model_28/tf.math.add_77/Add;model_28/tf.nn.convolution_53/convolution;Const_139_concat29_avgpool
CONV_2D,Conv2DBias,1664,0.32382613027774315,1526.0,0.05119494572362848,1526.0,100.0,9.375009375009375,0.0,0.0,900,0.0004193255009541985,0.11519085845347313,model_28/tf.math.add_77/Add;model_28/tf.nn.convolution_53/convolution;Const_139_cg30
CONV_2D,AvgPool,1600,0.3113712791132146,2913.0,0.09772665589313878,2913.0,144.0,9.375009375009375,0.0,0.0,100,4.659172232824427e-05,0.006704857535187092,model_28/tf.math.add_77/Add;model_28/tf.nn.convolution_53/convolution;Const_139_concat30_avgpool
CONV_2D,Conv2DBias,1664,0.32382613027774315,1526.0,0.05119494572362848,1526.0,100.0,9.375009375009375,0.0,0.0,900,0.0004193255009541985,0.11519085845347313,model_28/tf.math.add_77/Add;model_28/tf.nn.convolution_53/convolution;Const_139_cg31
CONV_2D,AvgPool,1600,0.3113712791132146,2913.0,0.09772665589313878,2913.0,144.0,9.375009375009375,0.0,0.0,100,4.659172232824427e-05,0.006704857535187092,model_28/tf.math.add_77/Add;model_28/tf.nn.convolution_53/convolution;Const_139_concat31_avgpool
CONV_2D,Conv2DBias,1664,0.32382613027774315,1526.0,0.05119494572362848,1526.0,100.0,9.375009375009375,0.0,0.0,900,0.0004193255009541985,0.11519085845347313,model_28/tf.math.add_77/Add;model_28/tf.nn.convolution_53/convolution;Const_139_cg32
CONV_2D,AvgPool,1600,0.3113712791132146,2913.0,0.09772665589313878,2913.0,144.0,9.375009375009375,0.0,0.0,100,4.659172232824427e-05,0.006704857535187092,model_28/tf.math.add_77/Add;model_28/tf.nn.convolution_53/convolution;Const_139_concat32_avgpool
CONV_2D,Conv2DBias,1664,0.32382613027774315,1526.0,0.05119494572362848,1526.0,100.0,9.375009375009375,0.0,0.0,900,0.0004193255009541985,0.11519085845347313,model_28/tf.math.add_77/Add;model_28/tf.nn.convolution_53/convolution;Const_139_cg33
CONV_2D,AvgPool,1600,0.3113712791132146,2913.0,0.09772665589313878,2913.0,144.0,9.375009375009375,0.0,0.0,100,4.659172232824427e-05,0.006704857535187092,model_28/tf.math.add_77/Add;model_28/tf.nn.convolution_53/convolution;Const_139_concat33_avgpool
CONV_2D,Conv2DBias,1664,0.32382613027774315,1526.0,0.05119494572362848,1526.0,100.0,9.375009375009375,0.0,0.0,900,0.0004193255009541985,0.11519085845347313,model_28/tf.math.add_77/Add;model_28/tf.nn.convolution_53/convolution;Const_139_cg34
CONV_2D,AvgPool,1600,0.3113712791132146,2913.0,0.09772665589313878,2913.0,144.0,9.375009375009375,0.0,0.0,100,4.659172232824427e-05,0.006704857535187092,model_28/tf.math.add_77/Add;model_28/tf.nn.convolution_53/convolution;Const_139_concat34_avgpool
CONV_2D,Conv2DBias,1664,0.32382613027774315,1526.0,0.05119494572362848,1526.0,100.0,9.375009375009375,0.0,0.0,900,0.0004193255009541985,0.11519085845347313,model_28/tf.math.add_77/Add;model_28/tf.nn.convolution_53/convolution;Const_139_cg35
CONV_2D,AvgPool,1600,0.3113712791132146,2913.0,0.09772665589313878,2913.0,144.0,9.375009375009375,0.0,0.0,100,4.659172232824427e-05,0.006704857535187092,model_28/tf.math.add_77/Add;model_28/tf.nn.convolution_53/convolution;Const_139_concat35_avgpool
CONV_2D,Conv2DBias,1664,0.32382613027774315,1526.0,0.05119494572362848,1526.0,100.0,9.375009375009375,0.0,0.0,900,0.0004193255009541985,0.11519085845347313,model_28/tf.math.add_77/Add;model_28/tf.nn.convolution_53/convolution;Const_139_cg36
CONV_2D,AvgPool,1600,0.3113712791132146,2913.0,0.09772665589313878,2913.0,144.0,9.375009375009375,0.0,0.0,100,4.659172232824427e-05,0.006704857535187092,model_28/tf.math.add_77/Add;model_28/tf.nn.convolution_53/convolution;Const_139_concat36_avgpool
CONV_2D,Conv2DBias,1664,0.32382613027774315,1526.0,0.05119494572362848,1526.0,100.0,9.375009375009375,0.0,0.0,900,0.0004193255009541985,0.11519085845347313,model_28/tf.math.add_77/Add;model_28/tf.nn.convolution_53/convolution;Const_139_cg37
CONV_2D,AvgPool,1600,0.3113712791132146,2913.0,0.09772665589313878,2913.0,144.0,9.375009375009375,0.0,0.0,100,4.659172232824427e-05,0.006704857535187092,model_28/tf.math.add_77/Add;model_28/tf.nn.convolution_53/convolution;Const_139_concat37_avgpool
CONV_2D,Conv2DBias,1664,0.32382613027774315,1526.0,0.05119494572362848,1526.0,100.0,9.375009375009375,0.0,0.0,900,0.0004193255009541985,0.11519085845347313,model_28/tf.math.add_77/Add;model_28/tf.nn.convolution_53/convolution;Const_139_cg38
CONV_2D,AvgPool,1600,0.3113712791132146,2913.0,0.09772665589313878,2913.0,144.0,9.375009375009375,0.0,0.0,100,4.659172232824427e-05,0.006704857535187092,model_28/tf.math.add_77/Add;model_28/tf.nn.convolution_53/convolution;Const_139_concat38_avgpool
CONV_2D,Conv2DBias,1664,0.32382613027774315,1526.0,0.05119494572362848,1526.0,100.0,9.375009375009375,0.0,0.0,900,0.0004193255009541985,0.11519085845347313,model_28/tf.math.add_77/Add;model_28/tf.nn.convolution_53/convolution;Const_139_cg39
CONV_2D,AvgPool,1600,0.3113712791132146,2913.0,0.09772665589313878,2913.0,144.0,9.375009375009375,0.0,0.0,100,4.659172232824427e-05,0.006704857535187092,model_28/tf.math.add_77/Add;model_28/tf.nn.convolution_53/convolution;Const_139_concat39_avgpool
CONV_2D,Conv2DBias,1664,0.32382613027774315,1526.0,0.05119494572362848,1526.0,100.0,9.375009375009375,0.0,0.0,900,0.0004193255009541985,0.11519085845347313,model_28/tf.math.add_77/Add;model_28/tf.nn.convolution_53/convolution;Const_139_cg40
CONV_2D,AvgPool,1600,0.3113712791132146,2913.0,0.09772665589313878,2913.0,144.0,9.375009375009375,0.0,0.0,100,4.659172232824427e-05,0.006704857535187092,model_28/tf.math.add_77/Add;model_28/tf.nn.convolution_53/convolution;Const_139_concat40_avgpool
CONV_2D,Conv2DBias,1664,0.32382613027774315,1526.0,0.05119494572362848,1526.0,100.0,9.375009375009375,0.0,0.0,900,0.0004193255009541985,0.11519085845347313,model_28/tf.math.add_77/Add;model_28/tf.nn.convolution_53/convolution;Const_139_cg41
CONV_2D,AvgPool,1600,0.3113712791132146,2913.0,0.09772665589313878,2913.0,144.0,9.375009375009375,0.0,0.0,100,4.659172232824427e-05,0.006704857535187092,model_28/tf.math.add_77/Add;model_28/tf.nn.convolution_53/convolution;Const_139_concat41_avgpool
CONV_2D,Conv2DBias,1664,0.32382613027774315,1526.0,0.05119494572362848,1526.0,100.0,9.375009375009375,0.0,0.0,900,0.0004193255009541985,0.11519085845347313,model_28/tf.math.add_77/Add;model_28/tf.nn.convolution_53/convolution;Const_139_cg42
CONV_2D,AvgPool,1600,0.3113712791132146,2913.0,0.09772665589313878,2913.0,144.0,9.375009375009375,0.0,0.0,100,4.659172232824427e-05,0.006704857535187092,model_28/tf.math.add_77/Add;model_28/tf.nn.convolution_53/convolution;Const_139_concat42_avgpool
CONV_2D,Conv2DBias,1664,0.32382613027774315,1526.0,0.05119494572362848,1526.0,100.0,9.375009375009375,0.0,0.0,900,0.0004193255009541985,0.11519085845347313,model_28/tf.math.add_77/Add;model_28/tf.nn.convolution_53/convolution;Const_139_cg43
CONV_2D,AvgPool,1600,0.3113712791132146,2913.0,0.09772665589313878,2913.0,144.0,9.375009375009375,0.0,0.0,100,4.659172232824427e-05,0.006704857535187092,model_28/tf.math.add_77/Add;model_28/tf.nn.convolution_53/convolution;Const_139_concat43_avgpool
CONV_2D,Conv2DBias,1664,0.32382613027774315,1526.0,0.05119494572362848,1526.0,100.0,9.375009375009375,0.0,0.0,900,0.0004193255009541985,0.11519085845347313,model_28/tf.math.add_77/Add;model_28/tf.nn.convolution_53/convolution;Const_139_cg44
CONV_2D,AvgPool,1600,0.3113712791132146,2913.0,0.09772665589313878,2913.0,144.0,9.375009375009375,0.0,0.0,100,4.659172232824427e-05,0.006704857535187092,model_28/tf.math.add_77/Add;model_28/tf.nn.convolution_53/convolution;Const_139_concat44_avgpool
CONV_2D,Conv2DBias,1664,0.32382613027774315,1526.0,0.05119494572362848,1526.0,100.0,9.375009375009375,0.0,0.0,900,0.0004193255009541985,0.11519085845347313,model_28/tf.math.add_77/Add;model_28/tf.nn.convolution_53/convolution;Const_139_cg45
CONV_2D,AvgPool,1600,0.3113712791132146,2913.0,0.09772665589313878,2913.0,144.0,9.375009375009375,0.0,0.0,100,4.659172232824427e-05,0.006704857535187092,model_28/tf.math.add_77/Add;model_28/tf.nn.convolution_53/convolution;Const_139_concat45_avgpool
CONV_2D,Conv2DBias,1664,0.32382613027774315,1526.0,0.05119494572362848,1526.0,100.0,9.375009375009375,0.0,0.0,900,0.0004193255009541985,0.11519085845347313,model_28/tf.math.add_77/Add;model_28/tf.nn.convolution_53/convolution;Const_139_cg46
CONV_2D,AvgPool,1600,0.3113712791132146,2913.0,0.09772665589313878,2913.0,144.0,9.375009375009375,0.0,0.0,100,4.659172232824427e-05,0.006704857535187092,model_28/tf.math.add_77/Add;model_28/tf.nn.convolution_53/convolution;Const_139_concat46_avgpool
CONV_2D,Conv2DBias,1664,0.32382613027774315,1526.0,0.05119494572362848,1526.0,100.0,9.375009375009375,0.0,0.0,900,0.0004193255009541985,0.11519085845347313,model_28/tf.math.add_77/Add;model_28/tf.nn.convolution_53/convolution;Const_139_cg47
CONV_2D,AvgPool,1600,0.3113712791132146,2913.0,0.09772665589313878,2913.0,144.0,9.375009375009375,0.0,0.0,100,4.659172232824427e-05,0.006704857535187092,model_28/tf.math.add_77/Add;model_28/tf.nn.convolution_53/convolution;Const_139_concat47_avgpool
CONV_2D,Conv2DBias,1664,0.32382613027774315,1526.0,0.05119494572362848,1526.0,100.0,9.375009375009375,0.0,0.0,900,0.0004193255009541985,0.11519085845347313,model_28/tf.math.add_77/Add;model_28/tf.nn.convolution_53/convolution;Const_139_cg48
CONV_2D,AvgPool,1600,0.3113712791132146,2913.0,0.09772665589313878,2913.0,144.0,9.375009375009375,0.0,0.0,100,4.659172232824427e-05,0.006704857535187092,model_28/tf.math.add_77/Add;model_28/tf.nn.convolution_53/convolution;Const_139_concat48_avgpool
CONV_2D,Conv2DBias,1664,0.32382613027774315,1526.0,0.05119494572362848,1526.0,100.0,9.375009375009375,0.0,0.0,900,0.0004193255009541985,0.11519085845347313,model_28/tf.math.add_77/Add;model_28/tf.nn.convolution_53/convolution;Const_139_cg49
CONV_2D,AvgPool,1600,0.3113712791132146,2913.0,0.09772665589313878,2913.0,144.0,9.375009375009375,0.0,0.0,100,4.659172232824427e-05,0.006704857535187092,model_28/tf.math.add_77/Add;model_28/tf.nn.convolution_53/convolution;Const_139_concat49_avgpool
CONV_2D,Conv2DBias,1664,0.32382613027774315,1526.0,0.05119494572362848,1526.0,100.0,9.375009375009375,0.0,0.0,900,0.0004193255009541985,0.11519085845347313,model_28/tf.math.add_77/Add;model_28/tf.nn.convolution_53/convolution;Const_139_cg50
CONV_2D,AvgPool,1600,0.3113712791132146,2913.0,0.09772665589313878,2913.0,144.0,9.375009375009375,0.0,0.0,100,4.659172232824427e-05,0.006704857535187092,model_28/tf.math.add_77/Add;model_28/tf.nn.convolution_53/convolution;Const_139_concat50_avgpool
CONV_2D,Conv2DBias,1648,0.32071241748661106,1526.0,0.05119494572362848,1526.0,100.0,9.375009375009375,0.0,0.0,900,0.0004193255009541985,0.11519085845347313,model_28/tf.math.add_77/Add;model_28/tf.nn.convolution_53/convolution;Const_139_cg51
CONV_2D,AvgPool,1600,0.3113712791132146,2913.0,0.09772665589313878,2913.0,144.0,9.375009375009375,0.0,0.0,100,4.659172232824427e-05,0.006704857535187092,model_28/tf.math.add_77/Add;model_28/tf.nn.convolution_53/convolution;Const_139_concat51_avgpool
CONV_2D,Conv2DBias,1664,0.32382613027774315,1526.0,0.05119494572362848,1526.0,100.0,9.375009375009375,0.0,0.0,900,0.0004193255009541985,0.11519085845347313,model_28/tf.math.add_77/Add;model_28/tf.nn.convolution_53/convolution;Const_139_cg52
CONV_2D,AvgPool,1600,0.3113712791132146,2913.0,0.09772665589313878,2913.0,144.0,9.375009375009375,0.0,0.0,100,4.659172232824427e-05,0.006704857535187092,model_28/tf.math.add_77/Add;model_28/tf.nn.convolution_53/convolution;Const_139_concat52_avgpool
CONV_2D,Conv2DBias,1664,0.32382613027774315,1526.0,0.05119494572362848,1526.0,100.0,9.375009375009375,0.0,0.0,900,0.0004193255009541985,0.11519085845347313,model_28/tf.math.add_77/Add;model_28/tf.nn.convolution_53/convolution;Const_139_cg53
CONV_2D,AvgPool,1600,0.3113712791132146,2913.0,0.09772665589313878,2913.0,144.0,9.375009375009375,0.0,0.0,100,4.659172232824427e-05,0.006704857535187092,model_28/tf.math.add_77/Add;model_28/tf.nn.convolution_53/convolution;Const_139_concat53_avgpool
CONV_2D,Conv2DBias,1664,0.32382613027774315,1526.0,0.05119494572362848,1526.0,100.0,9.375009375009375,0.0,0.0,900,0.0004193255009541985,0.11519085845347313,model_28/tf.math.add_77/Add;model_28/tf.nn.convolution_53/convolution;Const_139_cg54
CONV_2D,AvgPool,1600,0.3113712791132146,2913.0,0.09772665589313878,2913.0,144.0,9.375009375009375,0.0,0.0,100,4.659172232824427e-05,0.006704857535187092,model_28/tf.math.add_77/Add;model_28/tf.nn.convolution_53/convolution;Const_139_concat54_avgpool
CONV_2D,Conv2DBias,1664,0.32382613027774315,1526.0,0.05119494572362848,1526.0,100.0,9.375009375009375,0.0,0.0,900,0.0004193255009541985,0.11519085845347313,model_28/tf.math.add_77/Add;model_28/tf.nn.convolution_53/convolution;Const_139_cg55
CONV_2D,AvgPool,1600,0.3113712791132146,2913.0,0.09772665589313878,2913.0,144.0,9.375009375009375,0.0,0.0,100,4.659172232824427e-05,0.006704857535187092,model_28/tf.math.add_77/Add;model_28/tf.nn.convolution_53/convolution;Const_139_concat55_avgpool
CONV_2D,Conv2DBias,1664,0.32382613027774315,1526.0,0.05119494572362848,1526.0,100.0,9.375009375009375,0.0,0.0,900,0.0004193255009541985,0.11519085845347313,model_28/tf.math.add_77/Add;model_28/tf.nn.convolution_53/convolution;Const_139_cg56
CONV_2D,AvgPool,1600,0.3113712791132146,2913.0,0.09772665589313878,2913.0,144.0,9.375009375009375,0.0,0.0,100,4.659172232824427e-05,0.006704857535187092,model_28/tf.math.add_77/Add;model_28/tf.nn.convolution_53/convolution;Const_139_concat56_avgpool
CONV_2D,Conv2DBias,1664,0.32382613027774315,1526.0,0.05119494572362848,1526.0,100.0,9.375009375009375,0.0,0.0,900,0.0004193255009541985,0.11519085845347313,model_28/tf.math.add_77/Add;model_28/tf.nn.convolution_53/convolution;Const_139_cg57
CONV_2D,AvgPool,1600,0.3113712791132146,2913.0,0.09772665589313878,2913.0,144.0,9.375009375009375,0.0,0.0,100,4.659172232824427e-05,0.006704857535187092,model_28/tf.math.add_77/Add;model_28/tf.nn.convolution_53/convolution;Const_139_concat57_avgpool
CONV_2D,Conv2DBias,1664,0.32382613027774315,1526.0,0.05119494572362848,1526.0,100.0,9.375009375009375,0.0,0.0,900,0.0004193255009541985,0.11519085845347313,model_28/tf.math.add_77/Add;model_28/tf.nn.convolution_53/convolution;Const_139_cg58
CONV_2D,AvgPool,1600,0.3113712791132146,2913.0,0.09772665589313878,2913.0,144.0,9.375009375009375,0.0,0.0,100,4.659172232824427e-05,0.006704857535187092,model_28/tf.math.add_77/Add;model_28/tf.nn.convolution_53/convolution;Const_139_concat58_avgpool
CONV_2D,Conv2DBias,1664,0.32382613027774315,1526.0,0.05119494572362848,1526.0,100.0,9.375009375009375,0.0,0.0,900,0.0004193255009541985,0.11519085845347313,model_28/tf.math.add_77/Add;model_28/tf.nn.convolution_53/convolution;Const_139_cg59
CONV_2D,AvgPool,1600,0.3113712791132146,2913.0,0.09772665589313878,2913.0,144.0,9.375009375009375,0.0,0.0,100,4.659172232824427e-05,0.006704857535187092,model_28/tf.math.add_77/Add;model_28/tf.nn.convolution_53/convolution;Const_139_concat59_avgpool
CONV_2D,Conv2DBias,1664,0.32382613027774315,1526.0,0.05119494572362848,1526.0,100.0,9.375009375009375,0.0,0.0,900,0.0004193255009541985,0.11519085845347313,model_28/tf.math.add_77/Add;model_28/tf.nn.convolution_53/convolution;Const_139_cg60
CONV_2D,AvgPool,1600,0.3113712791132146,2913.0,0.09772665589313878,2913.0,144.0,9.375009375009375,0.0,0.0,100,4.659172232824427e-05,0.006704857535187092,model_28/tf.math.add_77/Add;model_28/tf.nn.convolution_53/convolution;Const_139_concat60_avgpool
CONV_2D,Conv2DBias,1664,0.32382613027774315,1526.0,0.05119494572362848,1526.0,100.0,9.375009375009375,0.0,0.0,900,0.0004193255009541985,0.11519085845347313,model_28/tf.math.add_77/Add;model_28/tf.nn.convolution_53/convolution;Const_139_cg61
CONV_2D,AvgPool,1600,0.3113712791132146,2913.0,0.09772665589313878,2913.0,144.0,9.375009375009375,0.0,0.0,100,4.659172232824427e-05,0.006704857535187092,model_28/tf.math.add_77/Add;model_28/tf.nn.convolution_53/convolution;Const_139_concat61_avgpool
CONV_2D,Conv2DBias,1664,0.32382613027774315,1526.0,0.05119494572362848,1526.0,100.0,9.375009375009375,0.0,0.0,900,0.0004193255009541985,0.11519085845347313,model_28/tf.math.add_77/Add;model_28/tf.nn.convolution_53/convolution;Const_139_cg62
CONV_2D,AvgPool,1600,0.3113712791132146,2913.0,0.09772665589313878,2913.0,144.0,9.375009375009375,0.0,0.0,100,4.659172232824427e-05,0.006704857535187092,model_28/tf.math.add_77/Add;model_28/tf.nn.convolution_53/convolution;Const_139_concat62_avgpool
CONV_2D,Conv2DBias,1664,0.32382613027774315,1526.0,0.05119494572362848,1526.0,100.0,9.375009375009375,0.0,0.0,900,0.0004193255009541985,0.11519085845347313,model_28/tf.math.add_77/Add;model_28/tf.nn.convolution_53/convolution;Const_139_cg63
CONV_2D,AvgPool,1600,0.3113712791132146,2913.0,0.09772665589313878,2913.0,144.0,9.375009375009375,0.0,0.0,100,4.659172232824427e-05,0.006704857535187092,model_28/tf.math.add_77/Add;model_28/tf.nn.convolution_53/convolution;Const_139_concat63_avgpool
STRIDED_SLICE,AvgPool,0,0.0,8754.0,0.2936831945377744,8754.0,0.0,600.0006000006,0.0,0.0,3200,0.0014909351145038167,0.07139593328763993,model_28/tf.strided_slice_11/StridedSlice_avgpool
STRIDED_SLICE,AvgPool,0,0.0,8754.0,0.2936831945377744,8754.0,0.0,600.0006000006,0.0,0.0,3200,0.0014909351145038167,0.07139593328763993,model_28/tf.strided_slice_10/StridedSlice_avgpool
TFLite_operator,NNG Operator,SRAM Usage,Peak%,Op Cycles,Network%,NPU,SRAM AC,DRAM AC,OnFlash AC,OffFlash AC,MAC Count,Network%,Util%,Name
MUL,Mul,10000,1.9460704944575913,1875.0,0.06290335729475977,1875.0,625.0,937.5009375009375,0.0,0.0,0,0.0,0.0,model_28/tf.math.multiply_26/Mul
SOFTMAX,MaxPool,10112,1.9678664839955162,2529.0,0.08484404831917197,2529.0,818.75,0.0,0.0,0.0,10000,0.004659172232824428,0.7722914195334124,model_28/tf.nn.softmax_1/wa/model.10/m/m.0/attn/Softmax_maxpool0
SOFTMAX,Sub,54912,10.686262299165525,5600.0,0.1878713604536825,5600.0,4050.0,0.0,0.0,0.0,0,0.0,0.0,model_28/tf.nn.softmax_1/wa/model.10/m/m.0/attn/Softmax_sub1
SOFTMAX,SHR,84800,16.502677793000373,5300.0,0.17780682328652095,3125.0,5300.0,6.0000060000060005,0.0,0.0,0,0.0,0.0,model_28/tf.nn.softmax_1/wa/model.10/m/m.0/attn/Softmax_shr2
SOFTMAX,ReduceSum,91200,17.74816290945323,2900.0,0.09729052594922843,1621.0,2900.0,0.0,0.0,0.0,10000,0.004659172232824428,0.6734913793103448,model_28/tf.nn.softmax_1/wa/model.10/m/m.0/attn/Softmax_reduce_sum3
SOFTMAX,CLZ,57600,11.209366048075726,900.0,0.030193611501484686,900.0,800.0,0.0,0.0,0.0,0,0.0,0.0,model_28/tf.nn.softmax_1/wa/model.10/m/m.0/attn/Softmax_clz4
SOFTMAX,Sub,64000,12.454851164528584,800.0,0.0268387657790975,500.0,800.0,6.0000060000060005,0.0,0.0,0,0.0,0.0,model_28/tf.nn.softmax_1/wa/model.10/m/m.0/attn/Softmax_sub5
SOFTMAX,Sub,70400,13.700336280981443,800.0,0.0268387657790975,500.0,800.0,6.0000060000060005,0.0,0.0,0,0.0,0.0,model_28/tf.nn.softmax_1/wa/model.10/m/m.0/attn/Softmax_sub6
SOFTMAX,SHL,64000,12.454851164528584,1200.0,0.04025814866864625,500.0,1200.0,0.0,0.0,0.0,0,0.0,0.0,model_28/tf.nn.softmax_1/wa/model.10/m/m.0/attn/Softmax_shl7
SOFTMAX,Sub,57600,11.209366048075726,800.0,0.0268387657790975,500.0,800.0,6.0000060000060005,0.0,0.0,0,0.0,0.0,model_28/tf.nn.softmax_1/wa/model.10/m/m.0/attn/Softmax_sub8
SOFTMAX,SHL,57600,11.209366048075726,800.0,0.0268387657790975,500.0,800.0,6.0000060000060005,0.0,0.0,0,0.0,0.0,model_28/tf.nn.softmax_1/wa/model.10/m/m.0/attn/Softmax_shl9
SOFTMAX,Add,57600,11.209366048075726,800.0,0.0268387657790975,500.0,800.0,6.0000060000060005,0.0,0.0,0,0.0,0.0,model_28/tf.nn.softmax_1/wa/model.10/m/m.0/attn/Softmax_add10
SOFTMAX,Mul,64000,12.454851164528584,800.0,0.0268387657790975,500.0,800.0,6.0000060000060005,0.0,0.0,0,0.0,0.0,model_28/tf.nn.softmax_1/wa/model.10/m/m.0/attn/Softmax_mul11
SOFTMAX,Add,64000,12.454851164528584,800.0,0.0268387657790975,500.0,800.0,6.0000060000060005,0.0,0.0,0,0.0,0.0,model_28/tf.nn.softmax_1/wa/model.10/m/m.0/attn/Softmax_add12
SOFTMAX,Mul,70400,13.700336280981443,1200.0,0.04025814866864625,500.0,1200.0,0.0,0.0,0.0,0,0.0,0.0,model_28/tf.nn.softmax_1/wa/model.10/m/m.0/attn/Softmax_mul13
SOFTMAX,Sub,70400,13.700336280981443,800.0,0.0268387657790975,500.0,800.0,6.0000060000060005,0.0,0.0,0,0.0,0.0,model_28/tf.nn.softmax_1/wa/model.10/m/m.0/attn/Softmax_sub14
SOFTMAX,Mul,70400,13.700336280981443,1200.0,0.04025814866864625,500.0,1200.0,0.0,0.0,0.0,0,0.0,0.0,model_28/tf.nn.softmax_1/wa/model.10/m/m.0/attn/Softmax_mul15
SOFTMAX,Mul,70400,13.700336280981443,800.0,0.0268387657790975,500.0,800.0,6.0000060000060005,0.0,0.0,0,0.0,0.0,model_28/tf.nn.softmax_1/wa/model.10/m/m.0/attn/Softmax_mul16
SOFTMAX,Add,70400,13.700336280981443,1200.0,0.04025814866864625,500.0,1200.0,0.0,0.0,0.0,0,0.0,0.0,model_28/tf.nn.softmax_1/wa/model.10/m/m.0/attn/Softmax_add17
SOFTMAX,Mul,70400,13.700336280981443,1200.0,0.04025814866864625,500.0,1200.0,0.0,0.0,0.0,0,0.0,0.0,model_28/tf.nn.softmax_1/wa/model.10/m/m.0/attn/Softmax_mul18
SOFTMAX,Sub,70400,13.700336280981443,800.0,0.0268387657790975,500.0,800.0,6.0000060000060005,0.0,0.0,0,0.0,0.0,model_28/tf.nn.softmax_1/wa/model.10/m/m.0/attn/Softmax_sub19
SOFTMAX,Mul,70400,13.700336280981443,1200.0,0.04025814866864625,500.0,1200.0,0.0,0.0,0.0,0,0.0,0.0,model_28/tf.nn.softmax_1/wa/model.10/m/m.0/attn/Softmax_mul20
SOFTMAX,Mul,70400,13.700336280981443,800.0,0.0268387657790975,500.0,800.0,6.0000060000060005,0.0,0.0,0,0.0,0.0,model_28/tf.nn.softmax_1/wa/model.10/m/m.0/attn/Softmax_mul21
SOFTMAX,Add,70400,13.700336280981443,1200.0,0.04025814866864625,500.0,1200.0,0.0,0.0,0.0,0,0.0,0.0,model_28/tf.nn.softmax_1/wa/model.10/m/m.0/attn/Softmax_add22
SOFTMAX,Mul,70400,13.700336280981443,1200.0,0.04025814866864625,500.0,1200.0,0.0,0.0,0.0,0,0.0,0.0,model_28/tf.nn.softmax_1/wa/model.10/m/m.0/attn/Softmax_mul23
SOFTMAX,Sub,64000,12.454851164528584,800.0,0.0268387657790975,500.0,800.0,6.0000060000060005,0.0,0.0,0,0.0,0.0,model_28/tf.nn.softmax_1/wa/model.10/m/m.0/attn/Softmax_sub24
SOFTMAX,Mul,64000,12.454851164528584,1200.0,0.04025814866864625,500.0,1200.0,0.0,0.0,0.0,0,0.0,0.0,model_28/tf.nn.softmax_1/wa/model.10/m/m.0/attn/Softmax_mul25
SOFTMAX,Mul,64000,12.454851164528584,800.0,0.0268387657790975,500.0,800.0,6.0000060000060005,0.0,0.0,0,0.0,0.0,model_28/tf.nn.softmax_1/wa/model.10/m/m.0/attn/Softmax_mul26
SOFTMAX,Add,64000,12.454851164528584,1200.0,0.04025814866864625,500.0,1200.0,0.0,0.0,0.0,0,0.0,0.0,model_28/tf.nn.softmax_1/wa/model.10/m/m.0/attn/Softmax_add27
SOFTMAX,Mul,57600,11.209366048075726,800.0,0.0268387657790975,500.0,800.0,6.0000060000060005,0.0,0.0,0,0.0,0.0,model_28/tf.nn.softmax_1/wa/model.10/m/m.0/attn/Softmax_mul28
SOFTMAX,Mul,102400,19.927761863245735,8400.0,0.2818070406805237,3500.0,8400.0,0.0,0.0,0.0,0,0.0,0.0,model_28/tf.nn.softmax_1/wa/model.10/m/m.0/attn/Softmax_mul29
SOFTMAX,SHR,61200,11.90995142608046,6225.0,0.2088391462186024,3125.0,6225.0,0.0,0.0,0.0,0,0.0,0.0,model_28/tf.nn.softmax_1/wa/model.10/m/m.0/attn/Softmax_shr30
TRANSPOSE,AvgPool,10000,1.9460704944575913,46257.0,1.5518509858046414,46257.0,862.5,937.5009375009375,0.0,0.0,10000,0.004659172232824428,0.04222333917028774,model_28/tf.compat.v1.transpose_24/transpose_avgpool
TFLite_operator,NNG Operator,SRAM Usage,Peak%,Op Cycles,Network%,NPU,SRAM AC,DRAM AC,OnFlash AC,OffFlash AC,MAC Count,Network%,Util%,Name
RESHAPE,Memcpy,0,0.0,0.0,0.0,0.0,0.0,0.0,0.0,0.0,0,0.0,100.0,model_28/tf.reshape_8/Reshape
TFLite_operator,NNG Operator,SRAM Usage,Peak%,Op Cycles,Network%,NPU,SRAM AC,DRAM AC,OnFlash AC,OffFlash AC,MAC Count,Network%,Util%,Name
ADD,Add,6400,1.2454851164528584,2400.0,0.0805162973372925,2400.0,400.0,1200.0012000012,0.0,0.0,0,0.0,0.0,model_28/tf.math.add_79/Add
CONV_2D,Conv2DBias,17568,3.4188566446630966,3780.0,0.12681316830623568,3780.0,880.0,0.0,0.0,0.0,409600,0.19083969465648853,21.164021164021165,model_28/tf.math.add_80/Add;model_28/tf.nn.convolution_54/convolution;Const_137
ADD,Add,6400,1.2454851164528584,2400.0,0.0805162973372925,2400.0,800.0,600.0006000006,0.0,0.0,0,0.0,0.0,model_28/tf.math.add_82/Add
CONV_2D,Conv2DBias,28704,5.58600074729107,4720.0,0.15834871809667525,4720.0,1760.0,0.0,0.0,0.0,819200,0.38167938931297707,33.89830508474576,model_28/tf.nn.relu_52/Relu;model_28/tf.math.add_83/Add;model_28/tf.nn.convolution_55/convolution;Const_135
CONV_2D,Conv2DBias,34208,6.657117947440529,2400.0,0.0805162973372925,2400.0,1360.0,0.0,0.0,0.0,819200,0.38167938931297707,66.66666666666666,model_28/tf.math.add_84/Add;model_28/tf.nn.convolution_56/convolution;Const_133
ADD,Add,12800,2.490970232905717,2400.0,0.0805162973372925,2400.0,800.0,600.0006000006,0.0,0.0,0,0.0,0.0,model_28/tf.math.add_86/Add
CONV_2D,Conv2DBias,22240,4.328060779673683,5660.0,0.18988426788711482,5660.0,800.0,1440.00144000144,0.0,0.0,819200,0.38167938931297707,28.26855123674912,model_28/tf.math.add_87/Add;model_28/tf.nn.convolution_57/convolution;Const_131
TRANSPOSE,AvgPool,12800,2.490970232905717,320081.0,10.738223736674133,320081.0,825.0,1200.0012000012,0.0,0.0,12800,0.005963740458015267,0.007810522961375402,model_28/tf.compat.v1.transpose_35/transpose_avgpool
STRIDED_SLICE,AvgPool,0,0.0,16536.0,0.5547572886539454,16536.0,0.0,1200.0012000012,0.0,0.0,6400,0.0029818702290076333,0.07559264634736332,model_28/tf.strided_slice_15/StridedSlice_avgpool
RESHAPE,Memcpy,0,0.0,0.0,0.0,0.0,0.0,0.0,0.0,0.0,0,0.0,100.0,model_28/tf.reshape_14/Reshape
TFLite_operator,NNG Operator,SRAM Usage,Peak%,Op Cycles,Network%,NPU,SRAM AC,DRAM AC,OnFlash AC,OffFlash AC,MAC Count,Network%,Util%,Name
CONV_2D,Conv2DBias,1664,0.32382613027774315,4100.0,0.13754867461787468,4100.0,100.0,9.375009375009375,0.0,0.0,900,0.0004193255009541985,0.0428734756097561,model_28/tf.math.add_88/Add;model_28/tf.nn.convolution_58/convolution;Const_130_cg0
CONV_2D,AvgPool,1600,0.3113712791132146,2913.0,0.09772665589313878,2913.0,144.0,9.375009375009375,0.0,0.0,100,4.659172232824427e-05,0.006704857535187092,model_28/tf.math.add_88/Add;model_28/tf.nn.convolution_58/convolution;Const_130_concat0_avgpool
CONV_2D,Conv2DBias,1664,0.32382613027774315,1526.0,0.05119494572362848,1526.0,100.0,9.375009375009375,0.0,0.0,900,0.0004193255009541985,0.11519085845347313,model_28/tf.math.add_88/Add;model_28/tf.nn.convolution_58/convolution;Const_130_cg1
CONV_2D,AvgPool,1600,0.3113712791132146,2913.0,0.09772665589313878,2913.0,144.0,9.375009375009375,0.0,0.0,100,4.659172232824427e-05,0.006704857535187092,model_28/tf.math.add_88/Add;model_28/tf.nn.convolution_58/convolution;Const_130_concat1_avgpool
CONV_2D,Conv2DBias,1664,0.32382613027774315,1526.0,0.05119494572362848,1526.0,100.0,9.375009375009375,0.0,0.0,900,0.0004193255009541985,0.11519085845347313,model_28/tf.math.add_88/Add;model_28/tf.nn.convolution_58/convolution;Const_130_cg2
CONV_2D,AvgPool,1600,0.3113712791132146,2913.0,0.09772665589313878,2913.0,144.0,9.375009375009375,0.0,0.0,100,4.659172232824427e-05,0.006704857535187092,model_28/tf.math.add_88/Add;model_28/tf.nn.convolution_58/convolution;Const_130_concat2_avgpool
CONV_2D,Conv2DBias,1664,0.32382613027774315,1526.0,0.05119494572362848,1526.0,100.0,9.375009375009375,0.0,0.0,900,0.0004193255009541985,0.11519085845347313,model_28/tf.math.add_88/Add;model_28/tf.nn.convolution_58/convolution;Const_130_cg3
CONV_2D,AvgPool,1600,0.3113712791132146,2913.0,0.09772665589313878,2913.0,144.0,9.375009375009375,0.0,0.0,100,4.659172232824427e-05,0.006704857535187092,model_28/tf.math.add_88/Add;model_28/tf.nn.convolution_58/convolution;Const_130_concat3_avgpool
CONV_2D,Conv2DBias,1664,0.32382613027774315,1526.0,0.05119494572362848,1526.0,100.0,9.375009375009375,0.0,0.0,900,0.0004193255009541985,0.11519085845347313,model_28/tf.math.add_88/Add;model_28/tf.nn.convolution_58/convolution;Const_130_cg4
CONV_2D,AvgPool,1600,0.3113712791132146,2913.0,0.09772665589313878,2913.0,144.0,9.375009375009375,0.0,0.0,100,4.659172232824427e-05,0.006704857535187092,model_28/tf.math.add_88/Add;model_28/tf.nn.convolution_58/convolution;Const_130_concat4_avgpool
CONV_2D,Conv2DBias,1664,0.32382613027774315,1526.0,0.05119494572362848,1526.0,100.0,9.375009375009375,0.0,0.0,900,0.0004193255009541985,0.11519085845347313,model_28/tf.math.add_88/Add;model_28/tf.nn.convolution_58/convolution;Const_130_cg5
CONV_2D,AvgPool,1600,0.3113712791132146,2913.0,0.09772665589313878,2913.0,144.0,9.375009375009375,0.0,0.0,100,4.659172232824427e-05,0.006704857535187092,model_28/tf.math.add_88/Add;model_28/tf.nn.convolution_58/convolution;Const_130_concat5_avgpool
CONV_2D,Conv2DBias,1648,0.32071241748661106,1526.0,0.05119494572362848,1526.0,100.0,9.375009375009375,0.0,0.0,900,0.0004193255009541985,0.11519085845347313,model_28/tf.math.add_88/Add;model_28/tf.nn.convolution_58/convolution;Const_130_cg6
CONV_2D,AvgPool,1600,0.3113712791132146,2913.0,0.09772665589313878,2913.0,144.0,9.375009375009375,0.0,0.0,100,4.659172232824427e-05,0.006704857535187092,model_28/tf.math.add_88/Add;model_28/tf.nn.convolution_58/convolution;Const_130_concat6_avgpool
CONV_2D,Conv2DBias,1664,0.32382613027774315,1526.0,0.05119494572362848,1526.0,100.0,9.375009375009375,0.0,0.0,900,0.0004193255009541985,0.11519085845347313,model_28/tf.math.add_88/Add;model_28/tf.nn.convolution_58/convolution;Const_130_cg7
CONV_2D,AvgPool,1600,0.3113712791132146,2913.0,0.09772665589313878,2913.0,144.0,9.375009375009375,0.0,0.0,100,4.659172232824427e-05,0.006704857535187092,model_28/tf.math.add_88/Add;model_28/tf.nn.convolution_58/convolution;Const_130_concat7_avgpool
CONV_2D,Conv2DBias,1664,0.32382613027774315,1526.0,0.05119494572362848,1526.0,100.0,9.375009375009375,0.0,0.0,900,0.0004193255009541985,0.11519085845347313,model_28/tf.math.add_88/Add;model_28/tf.nn.convolution_58/convolution;Const_130_cg8
CONV_2D,AvgPool,1600,0.3113712791132146,2913.0,0.09772665589313878,2913.0,144.0,9.375009375009375,0.0,0.0,100,4.659172232824427e-05,0.006704857535187092,model_28/tf.math.add_88/Add;model_28/tf.nn.convolution_58/convolution;Const_130_concat8_avgpool
CONV_2D,Conv2DBias,1664,0.32382613027774315,1526.0,0.05119494572362848,1526.0,100.0,9.375009375009375,0.0,0.0,900,0.0004193255009541985,0.11519085845347313,model_28/tf.math.add_88/Add;model_28/tf.nn.convolution_58/convolution;Const_130_cg9
CONV_2D,AvgPool,1600,0.3113712791132146,2913.0,0.09772665589313878,2913.0,144.0,9.375009375009375,0.0,0.0,100,4.659172232824427e-05,0.006704857535187092,model_28/tf.math.add_88/Add;model_28/tf.nn.convolution_58/convolution;Const_130_concat9_avgpool
CONV_2D,Conv2DBias,1664,0.32382613027774315,1526.0,0.05119494572362848,1526.0,100.0,9.375009375009375,0.0,0.0,900,0.0004193255009541985,0.11519085845347313,model_28/tf.math.add_88/Add;model_28/tf.nn.convolution_58/convolution;Const_130_cg10
CONV_2D,AvgPool,1600,0.3113712791132146,2913.0,0.09772665589313878,2913.0,144.0,9.375009375009375,0.0,0.0,100,4.659172232824427e-05,0.006704857535187092,model_28/tf.math.add_88/Add;model_28/tf.nn.convolution_58/convolution;Const_130_concat10_avgpool
CONV_2D,Conv2DBias,1664,0.32382613027774315,1526.0,0.05119494572362848,1526.0,100.0,9.375009375009375,0.0,0.0,900,0.0004193255009541985,0.11519085845347313,model_28/tf.math.add_88/Add;model_28/tf.nn.convolution_58/convolution;Const_130_cg11
CONV_2D,AvgPool,1600,0.3113712791132146,2913.0,0.09772665589313878,2913.0,144.0,9.375009375009375,0.0,0.0,100,4.659172232824427e-05,0.006704857535187092,model_28/tf.math.add_88/Add;model_28/tf.nn.convolution_58/convolution;Const_130_concat11_avgpool
CONV_2D,Conv2DBias,1664,0.32382613027774315,1526.0,0.05119494572362848,1526.0,100.0,9.375009375009375,0.0,0.0,900,0.0004193255009541985,0.11519085845347313,model_28/tf.math.add_88/Add;model_28/tf.nn.convolution_58/convolution;Const_130_cg12
CONV_2D,AvgPool,1600,0.3113712791132146,2913.0,0.09772665589313878,2913.0,144.0,9.375009375009375,0.0,0.0,100,4.659172232824427e-05,0.006704857535187092,model_28/tf.math.add_88/Add;model_28/tf.nn.convolution_58/convolution;Const_130_concat12_avgpool
CONV_2D,Conv2DBias,1664,0.32382613027774315,1526.0,0.05119494572362848,1526.0,100.0,9.375009375009375,0.0,0.0,900,0.0004193255009541985,0.11519085845347313,model_28/tf.math.add_88/Add;model_28/tf.nn.convolution_58/convolution;Const_130_cg13
CONV_2D,AvgPool,1600,0.3113712791132146,2913.0,0.09772665589313878,2913.0,144.0,9.375009375009375,0.0,0.0,100,4.659172232824427e-05,0.006704857535187092,model_28/tf.math.add_88/Add;model_28/tf.nn.convolution_58/convolution;Const_130_concat13_avgpool
CONV_2D,Conv2DBias,1664,0.32382613027774315,1526.0,0.05119494572362848,1526.0,100.0,9.375009375009375,0.0,0.0,900,0.0004193255009541985,0.11519085845347313,model_28/tf.math.add_88/Add;model_28/tf.nn.convolution_58/convolution;Const_130_cg14
CONV_2D,AvgPool,1600,0.3113712791132146,2913.0,0.09772665589313878,2913.0,144.0,9.375009375009375,0.0,0.0,100,4.659172232824427e-05,0.006704857535187092,model_28/tf.math.add_88/Add;model_28/tf.nn.convolution_58/convolution;Const_130_concat14_avgpool
CONV_2D,Conv2DBias,1648,0.32071241748661106,1526.0,0.05119494572362848,1526.0,100.0,9.375009375009375,0.0,0.0,900,0.0004193255009541985,0.11519085845347313,model_28/tf.math.add_88/Add;model_28/tf.nn.convolution_58/convolution;Const_130_cg15
CONV_2D,AvgPool,1600,0.3113712791132146,2913.0,0.09772665589313878,2913.0,144.0,9.375009375009375,0.0,0.0,100,4.659172232824427e-05,0.006704857535187092,model_28/tf.math.add_88/Add;model_28/tf.nn.convolution_58/convolution;Const_130_concat15_avgpool
CONV_2D,Conv2DBias,1664,0.32382613027774315,1526.0,0.05119494572362848,1526.0,100.0,9.375009375009375,0.0,0.0,900,0.0004193255009541985,0.11519085845347313,model_28/tf.math.add_88/Add;model_28/tf.nn.convolution_58/convolution;Const_130_cg16
CONV_2D,AvgPool,1600,0.3113712791132146,2913.0,0.09772665589313878,2913.0,144.0,9.375009375009375,0.0,0.0,100,4.659172232824427e-05,0.006704857535187092,model_28/tf.math.add_88/Add;model_28/tf.nn.convolution_58/convolution;Const_130_concat16_avgpool
CONV_2D,Conv2DBias,1664,0.32382613027774315,1526.0,0.05119494572362848,1526.0,100.0,9.375009375009375,0.0,0.0,900,0.0004193255009541985,0.11519085845347313,model_28/tf.math.add_88/Add;model_28/tf.nn.convolution_58/convolution;Const_130_cg17
CONV_2D,AvgPool,1600,0.3113712791132146,2913.0,0.09772665589313878,2913.0,144.0,9.375009375009375,0.0,0.0,100,4.659172232824427e-05,0.006704857535187092,model_28/tf.math.add_88/Add;model_28/tf.nn.convolution_58/convolution;Const_130_concat17_avgpool
CONV_2D,Conv2DBias,1664,0.32382613027774315,1526.0,0.05119494572362848,1526.0,100.0,9.375009375009375,0.0,0.0,900,0.0004193255009541985,0.11519085845347313,model_28/tf.math.add_88/Add;model_28/tf.nn.convolution_58/convolution;Const_130_cg18
CONV_2D,AvgPool,1600,0.3113712791132146,2913.0,0.09772665589313878,2913.0,144.0,9.375009375009375,0.0,0.0,100,4.659172232824427e-05,0.006704857535187092,model_28/tf.math.add_88/Add;model_28/tf.nn.convolution_58/convolution;Const_130_concat18_avgpool
CONV_2D,Conv2DBias,1664,0.32382613027774315,1526.0,0.05119494572362848,1526.0,100.0,9.375009375009375,0.0,0.0,900,0.0004193255009541985,0.11519085845347313,model_28/tf.math.add_88/Add;model_28/tf.nn.convolution_58/convolution;Const_130_cg19
CONV_2D,AvgPool,1600,0.3113712791132146,2913.0,0.09772665589313878,2913.0,144.0,9.375009375009375,0.0,0.0,100,4.659172232824427e-05,0.006704857535187092,model_28/tf.math.add_88/Add;model_28/tf.nn.convolution_58/convolution;Const_130_concat19_avgpool
CONV_2D,Conv2DBias,1664,0.32382613027774315,1526.0,0.05119494572362848,1526.0,100.0,9.375009375009375,0.0,0.0,900,0.0004193255009541985,0.11519085845347313,model_28/tf.math.add_88/Add;model_28/tf.nn.convolution_58/convolution;Const_130_cg20
CONV_2D,AvgPool,1600,0.3113712791132146,2913.0,0.09772665589313878,2913.0,144.0,9.375009375009375,0.0,0.0,100,4.659172232824427e-05,0.006704857535187092,model_28/tf.math.add_88/Add;model_28/tf.nn.convolution_58/convolution;Const_130_concat20_avgpool
CONV_2D,Conv2DBias,1664,0.32382613027774315,1526.0,0.05119494572362848,1526.0,100.0,9.375009375009375,0.0,0.0,900,0.0004193255009541985,0.11519085845347313,model_28/tf.math.add_88/Add;model_28/tf.nn.convolution_58/convolution;Const_130_cg21
CONV_2D,AvgPool,1600,0.3113712791132146,2913.0,0.09772665589313878,2913.0,144.0,9.375009375009375,0.0,0.0,100,4.659172232824427e-05,0.006704857535187092,model_28/tf.math.add_88/Add;model_28/tf.nn.convolution_58/convolution;Const_130_concat21_avgpool
CONV_2D,Conv2DBias,1664,0.32382613027774315,1526.0,0.05119494572362848,1526.0,100.0,9.375009375009375,0.0,0.0,900,0.0004193255009541985,0.11519085845347313,model_28/tf.math.add_88/Add;model_28/tf.nn.convolution_58/convolution;Const_130_cg22
CONV_2D,AvgPool,1600,0.3113712791132146,2913.0,0.09772665589313878,2913.0,144.0,9.375009375009375,0.0,0.0,100,4.659172232824427e-05,0.006704857535187092,model_28/tf.math.add_88/Add;model_28/tf.nn.convolution_58/convolution;Const_130_concat22_avgpool
CONV_2D,Conv2DBias,1664,0.32382613027774315,1526.0,0.05119494572362848,1526.0,100.0,9.375009375009375,0.0,0.0,900,0.0004193255009541985,0.11519085845347313,model_28/tf.math.add_88/Add;model_28/tf.nn.convolution_58/convolution;Const_130_cg23
CONV_2D,AvgPool,1600,0.3113712791132146,2913.0,0.09772665589313878,2913.0,144.0,9.375009375009375,0.0,0.0,100,4.659172232824427e-05,0.006704857535187092,model_28/tf.math.add_88/Add;model_28/tf.nn.convolution_58/convolution;Const_130_concat23_avgpool
CONV_2D,Conv2DBias,1664,0.32382613027774315,1526.0,0.05119494572362848,1526.0,100.0,9.375009375009375,0.0,0.0,900,0.0004193255009541985,0.11519085845347313,model_28/tf.math.add_88/Add;model_28/tf.nn.convolution_58/convolution;Const_130_cg24
CONV_2D,AvgPool,1600,0.3113712791132146,2913.0,0.09772665589313878,2913.0,144.0,9.375009375009375,0.0,0.0,100,4.659172232824427e-05,0.006704857535187092,model_28/tf.math.add_88/Add;model_28/tf.nn.convolution_58/convolution;Const_130_concat24_avgpool
CONV_2D,Conv2DBias,1664,0.32382613027774315,1526.0,0.05119494572362848,1526.0,100.0,9.375009375009375,0.0,0.0,900,0.0004193255009541985,0.11519085845347313,model_28/tf.math.add_88/Add;model_28/tf.nn.convolution_58/convolution;Const_130_cg25
CONV_2D,AvgPool,1600,0.3113712791132146,2913.0,0.09772665589313878,2913.0,144.0,9.375009375009375,0.0,0.0,100,4.659172232824427e-05,0.006704857535187092,model_28/tf.math.add_88/Add;model_28/tf.nn.convolution_58/convolution;Const_130_concat25_avgpool
CONV_2D,Conv2DBias,1664,0.32382613027774315,1526.0,0.05119494572362848,1526.0,100.0,9.375009375009375,0.0,0.0,900,0.0004193255009541985,0.11519085845347313,model_28/tf.math.add_88/Add;model_28/tf.nn.convolution_58/convolution;Const_130_cg26
CONV_2D,AvgPool,1600,0.3113712791132146,2913.0,0.09772665589313878,2913.0,144.0,9.375009375009375,0.0,0.0,100,4.659172232824427e-05,0.006704857535187092,model_28/tf.math.add_88/Add;model_28/tf.nn.convolution_58/convolution;Const_130_concat26_avgpool
CONV_2D,Conv2DBias,1664,0.32382613027774315,1526.0,0.05119494572362848,1526.0,100.0,9.375009375009375,0.0,0.0,900,0.0004193255009541985,0.11519085845347313,model_28/tf.math.add_88/Add;model_28/tf.nn.convolution_58/convolution;Const_130_cg27
CONV_2D,AvgPool,1600,0.3113712791132146,2913.0,0.09772665589313878,2913.0,144.0,9.375009375009375,0.0,0.0,100,4.659172232824427e-05,0.006704857535187092,model_28/tf.math.add_88/Add;model_28/tf.nn.convolution_58/convolution;Const_130_concat27_avgpool
CONV_2D,Conv2DBias,1664,0.32382613027774315,1526.0,0.05119494572362848,1526.0,100.0,9.375009375009375,0.0,0.0,900,0.0004193255009541985,0.11519085845347313,model_28/tf.math.add_88/Add;model_28/tf.nn.convolution_58/convolution;Const_130_cg28
CONV_2D,AvgPool,1600,0.3113712791132146,2913.0,0.09772665589313878,2913.0,144.0,9.375009375009375,0.0,0.0,100,4.659172232824427e-05,0.006704857535187092,model_28/tf.math.add_88/Add;model_28/tf.nn.convolution_58/convolution;Const_130_concat28_avgpool
CONV_2D,Conv2DBias,1664,0.32382613027774315,1526.0,0.05119494572362848,1526.0,100.0,9.375009375009375,0.0,0.0,900,0.0004193255009541985,0.11519085845347313,model_28/tf.math.add_88/Add;model_28/tf.nn.convolution_58/convolution;Const_130_cg29
CONV_2D,AvgPool,1600,0.3113712791132146,2913.0,0.09772665589313878,2913.0,144.0,9.375009375009375,0.0,0.0,100,4.659172232824427e-05,0.006704857535187092,model_28/tf.math.add_88/Add;model_28/tf.nn.convolution_58/convolution;Const_130_concat29_avgpool
CONV_2D,Conv2DBias,1664,0.32382613027774315,1526.0,0.05119494572362848,1526.0,100.0,9.375009375009375,0.0,0.0,900,0.0004193255009541985,0.11519085845347313,model_28/tf.math.add_88/Add;model_28/tf.nn.convolution_58/convolution;Const_130_cg30
CONV_2D,AvgPool,1600,0.3113712791132146,2913.0,0.09772665589313878,2913.0,144.0,9.375009375009375,0.0,0.0,100,4.659172232824427e-05,0.006704857535187092,model_28/tf.math.add_88/Add;model_28/tf.nn.convolution_58/convolution;Const_130_concat30_avgpool
CONV_2D,Conv2DBias,1664,0.32382613027774315,1526.0,0.05119494572362848,1526.0,100.0,9.375009375009375,0.0,0.0,900,0.0004193255009541985,0.11519085845347313,model_28/tf.math.add_88/Add;model_28/tf.nn.convolution_58/convolution;Const_130_cg31
CONV_2D,AvgPool,1600,0.3113712791132146,2913.0,0.09772665589313878,2913.0,144.0,9.375009375009375,0.0,0.0,100,4.659172232824427e-05,0.006704857535187092,model_28/tf.math.add_88/Add;model_28/tf.nn.convolution_58/convolution;Const_130_concat31_avgpool
CONV_2D,Conv2DBias,1664,0.32382613027774315,1526.0,0.05119494572362848,1526.0,100.0,9.375009375009375,0.0,0.0,900,0.0004193255009541985,0.11519085845347313,model_28/tf.math.add_88/Add;model_28/tf.nn.convolution_58/convolution;Const_130_cg32
CONV_2D,AvgPool,1600,0.3113712791132146,2913.0,0.09772665589313878,2913.0,144.0,9.375009375009375,0.0,0.0,100,4.659172232824427e-05,0.006704857535187092,model_28/tf.math.add_88/Add;model_28/tf.nn.convolution_58/convolution;Const_130_concat32_avgpool
CONV_2D,Conv2DBias,1664,0.32382613027774315,1526.0,0.05119494572362848,1526.0,100.0,9.375009375009375,0.0,0.0,900,0.0004193255009541985,0.11519085845347313,model_28/tf.math.add_88/Add;model_28/tf.nn.convolution_58/convolution;Const_130_cg33
CONV_2D,AvgPool,1600,0.3113712791132146,2913.0,0.09772665589313878,2913.0,144.0,9.375009375009375,0.0,0.0,100,4.659172232824427e-05,0.006704857535187092,model_28/tf.math.add_88/Add;model_28/tf.nn.convolution_58/convolution;Const_130_concat33_avgpool
CONV_2D,Conv2DBias,1664,0.32382613027774315,1526.0,0.05119494572362848,1526.0,100.0,9.375009375009375,0.0,0.0,900,0.0004193255009541985,0.11519085845347313,model_28/tf.math.add_88/Add;model_28/tf.nn.convolution_58/convolution;Const_130_cg34
CONV_2D,AvgPool,1600,0.3113712791132146,2913.0,0.09772665589313878,2913.0,144.0,9.375009375009375,0.0,0.0,100,4.659172232824427e-05,0.006704857535187092,model_28/tf.math.add_88/Add;model_28/tf.nn.convolution_58/convolution;Const_130_concat34_avgpool
CONV_2D,Conv2DBias,1664,0.32382613027774315,1526.0,0.05119494572362848,1526.0,100.0,9.375009375009375,0.0,0.0,900,0.0004193255009541985,0.11519085845347313,model_28/tf.math.add_88/Add;model_28/tf.nn.convolution_58/convolution;Const_130_cg35
CONV_2D,AvgPool,1600,0.3113712791132146,2913.0,0.09772665589313878,2913.0,144.0,9.375009375009375,0.0,0.0,100,4.659172232824427e-05,0.006704857535187092,model_28/tf.math.add_88/Add;model_28/tf.nn.convolution_58/convolution;Const_130_concat35_avgpool
CONV_2D,Conv2DBias,1664,0.32382613027774315,1526.0,0.05119494572362848,1526.0,100.0,9.375009375009375,0.0,0.0,900,0.0004193255009541985,0.11519085845347313,model_28/tf.math.add_88/Add;model_28/tf.nn.convolution_58/convolution;Const_130_cg36
CONV_2D,AvgPool,1600,0.3113712791132146,2913.0,0.09772665589313878,2913.0,144.0,9.375009375009375,0.0,0.0,100,4.659172232824427e-05,0.006704857535187092,model_28/tf.math.add_88/Add;model_28/tf.nn.convolution_58/convolution;Const_130_concat36_avgpool
CONV_2D,Conv2DBias,1664,0.32382613027774315,1526.0,0.05119494572362848,1526.0,100.0,9.375009375009375,0.0,0.0,900,0.0004193255009541985,0.11519085845347313,model_28/tf.math.add_88/Add;model_28/tf.nn.convolution_58/convolution;Const_130_cg37
CONV_2D,AvgPool,1600,0.3113712791132146,2913.0,0.09772665589313878,2913.0,144.0,9.375009375009375,0.0,0.0,100,4.659172232824427e-05,0.006704857535187092,model_28/tf.math.add_88/Add;model_28/tf.nn.convolution_58/convolution;Const_130_concat37_avgpool
CONV_2D,Conv2DBias,1664,0.32382613027774315,1526.0,0.05119494572362848,1526.0,100.0,9.375009375009375,0.0,0.0,900,0.0004193255009541985,0.11519085845347313,model_28/tf.math.add_88/Add;model_28/tf.nn.convolution_58/convolution;Const_130_cg38
CONV_2D,AvgPool,1600,0.3113712791132146,2913.0,0.09772665589313878,2913.0,144.0,9.375009375009375,0.0,0.0,100,4.659172232824427e-05,0.006704857535187092,model_28/tf.math.add_88/Add;model_28/tf.nn.convolution_58/convolution;Const_130_concat38_avgpool
CONV_2D,Conv2DBias,1664,0.32382613027774315,1526.0,0.05119494572362848,1526.0,100.0,9.375009375009375,0.0,0.0,900,0.0004193255009541985,0.11519085845347313,model_28/tf.math.add_88/Add;model_28/tf.nn.convolution_58/convolution;Const_130_cg39
CONV_2D,AvgPool,1600,0.3113712791132146,2913.0,0.09772665589313878,2913.0,144.0,9.375009375009375,0.0,0.0,100,4.659172232824427e-05,0.006704857535187092,model_28/tf.math.add_88/Add;model_28/tf.nn.convolution_58/convolution;Const_130_concat39_avgpool
CONV_2D,Conv2DBias,1648,0.32071241748661106,1526.0,0.05119494572362848,1526.0,100.0,9.375009375009375,0.0,0.0,900,0.0004193255009541985,0.11519085845347313,model_28/tf.math.add_88/Add;model_28/tf.nn.convolution_58/convolution;Const_130_cg40
CONV_2D,AvgPool,1600,0.3113712791132146,2913.0,0.09772665589313878,2913.0,144.0,9.375009375009375,0.0,0.0,100,4.659172232824427e-05,0.006704857535187092,model_28/tf.math.add_88/Add;model_28/tf.nn.convolution_58/convolution;Const_130_concat40_avgpool
CONV_2D,Conv2DBias,1648,0.32071241748661106,1526.0,0.05119494572362848,1526.0,100.0,9.375009375009375,0.0,0.0,900,0.0004193255009541985,0.11519085845347313,model_28/tf.math.add_88/Add;model_28/tf.nn.convolution_58/convolution;Const_130_cg41
CONV_2D,AvgPool,1600,0.3113712791132146,2913.0,0.09772665589313878,2913.0,144.0,9.375009375009375,0.0,0.0,100,4.659172232824427e-05,0.006704857535187092,model_28/tf.math.add_88/Add;model_28/tf.nn.convolution_58/convolution;Const_130_concat41_avgpool
CONV_2D,Conv2DBias,1664,0.32382613027774315,1526.0,0.05119494572362848,1526.0,100.0,9.375009375009375,0.0,0.0,900,0.0004193255009541985,0.11519085845347313,model_28/tf.math.add_88/Add;model_28/tf.nn.convolution_58/convolution;Const_130_cg42
CONV_2D,AvgPool,1600,0.3113712791132146,2913.0,0.09772665589313878,2913.0,144.0,9.375009375009375,0.0,0.0,100,4.659172232824427e-05,0.006704857535187092,model_28/tf.math.add_88/Add;model_28/tf.nn.convolution_58/convolution;Const_130_concat42_avgpool
CONV_2D,Conv2DBias,1664,0.32382613027774315,1526.0,0.05119494572362848,1526.0,100.0,9.375009375009375,0.0,0.0,900,0.0004193255009541985,0.11519085845347313,model_28/tf.math.add_88/Add;model_28/tf.nn.convolution_58/convolution;Const_130_cg43
CONV_2D,AvgPool,1600,0.3113712791132146,2913.0,0.09772665589313878,2913.0,144.0,9.375009375009375,0.0,0.0,100,4.659172232824427e-05,0.006704857535187092,model_28/tf.math.add_88/Add;model_28/tf.nn.convolution_58/convolution;Const_130_concat43_avgpool
CONV_2D,Conv2DBias,1664,0.32382613027774315,1526.0,0.05119494572362848,1526.0,100.0,9.375009375009375,0.0,0.0,900,0.0004193255009541985,0.11519085845347313,model_28/tf.math.add_88/Add;model_28/tf.nn.convolution_58/convolution;Const_130_cg44
CONV_2D,AvgPool,1600,0.3113712791132146,2913.0,0.09772665589313878,2913.0,144.0,9.375009375009375,0.0,0.0,100,4.659172232824427e-05,0.006704857535187092,model_28/tf.math.add_88/Add;model_28/tf.nn.convolution_58/convolution;Const_130_concat44_avgpool
CONV_2D,Conv2DBias,1664,0.32382613027774315,1526.0,0.05119494572362848,1526.0,100.0,9.375009375009375,0.0,0.0,900,0.0004193255009541985,0.11519085845347313,model_28/tf.math.add_88/Add;model_28/tf.nn.convolution_58/convolution;Const_130_cg45
CONV_2D,AvgPool,1600,0.3113712791132146,2913.0,0.09772665589313878,2913.0,144.0,9.375009375009375,0.0,0.0,100,4.659172232824427e-05,0.006704857535187092,model_28/tf.math.add_88/Add;model_28/tf.nn.convolution_58/convolution;Const_130_concat45_avgpool
CONV_2D,Conv2DBias,1664,0.32382613027774315,1526.0,0.05119494572362848,1526.0,100.0,9.375009375009375,0.0,0.0,900,0.0004193255009541985,0.11519085845347313,model_28/tf.math.add_88/Add;model_28/tf.nn.convolution_58/convolution;Const_130_cg46
CONV_2D,AvgPool,1600,0.3113712791132146,2913.0,0.09772665589313878,2913.0,144.0,9.375009375009375,0.0,0.0,100,4.659172232824427e-05,0.006704857535187092,model_28/tf.math.add_88/Add;model_28/tf.nn.convolution_58/convolution;Const_130_concat46_avgpool
CONV_2D,Conv2DBias,1664,0.32382613027774315,1526.0,0.05119494572362848,1526.0,100.0,9.375009375009375,0.0,0.0,900,0.0004193255009541985,0.11519085845347313,model_28/tf.math.add_88/Add;model_28/tf.nn.convolution_58/convolution;Const_130_cg47
CONV_2D,AvgPool,1600,0.3113712791132146,2913.0,0.09772665589313878,2913.0,144.0,9.375009375009375,0.0,0.0,100,4.659172232824427e-05,0.006704857535187092,model_28/tf.math.add_88/Add;model_28/tf.nn.convolution_58/convolution;Const_130_concat47_avgpool
CONV_2D,Conv2DBias,1664,0.32382613027774315,1526.0,0.05119494572362848,1526.0,100.0,9.375009375009375,0.0,0.0,900,0.0004193255009541985,0.11519085845347313,model_28/tf.math.add_88/Add;model_28/tf.nn.convolution_58/convolution;Const_130_cg48
CONV_2D,AvgPool,1600,0.3113712791132146,2913.0,0.09772665589313878,2913.0,144.0,9.375009375009375,0.0,0.0,100,4.659172232824427e-05,0.006704857535187092,model_28/tf.math.add_88/Add;model_28/tf.nn.convolution_58/convolution;Const_130_concat48_avgpool
CONV_2D,Conv2DBias,1664,0.32382613027774315,1526.0,0.05119494572362848,1526.0,100.0,9.375009375009375,0.0,0.0,900,0.0004193255009541985,0.11519085845347313,model_28/tf.math.add_88/Add;model_28/tf.nn.convolution_58/convolution;Const_130_cg49
CONV_2D,AvgPool,1600,0.3113712791132146,2913.0,0.09772665589313878,2913.0,144.0,9.375009375009375,0.0,0.0,100,4.659172232824427e-05,0.006704857535187092,model_28/tf.math.add_88/Add;model_28/tf.nn.convolution_58/convolution;Const_130_concat49_avgpool
CONV_2D,Conv2DBias,1664,0.32382613027774315,1526.0,0.05119494572362848,1526.0,100.0,9.375009375009375,0.0,0.0,900,0.0004193255009541985,0.11519085845347313,model_28/tf.math.add_88/Add;model_28/tf.nn.convolution_58/convolution;Const_130_cg50
CONV_2D,AvgPool,1600,0.3113712791132146,2913.0,0.09772665589313878,2913.0,144.0,9.375009375009375,0.0,0.0,100,4.659172232824427e-05,0.006704857535187092,model_28/tf.math.add_88/Add;model_28/tf.nn.convolution_58/convolution;Const_130_concat50_avgpool
CONV_2D,Conv2DBias,1664,0.32382613027774315,1526.0,0.05119494572362848,1526.0,100.0,9.375009375009375,0.0,0.0,900,0.0004193255009541985,0.11519085845347313,model_28/tf.math.add_88/Add;model_28/tf.nn.convolution_58/convolution;Const_130_cg51
CONV_2D,AvgPool,1600,0.3113712791132146,2913.0,0.09772665589313878,2913.0,144.0,9.375009375009375,0.0,0.0,100,4.659172232824427e-05,0.006704857535187092,model_28/tf.math.add_88/Add;model_28/tf.nn.convolution_58/convolution;Const_130_concat51_avgpool
CONV_2D,Conv2DBias,1664,0.32382613027774315,1526.0,0.05119494572362848,1526.0,100.0,9.375009375009375,0.0,0.0,900,0.0004193255009541985,0.11519085845347313,model_28/tf.math.add_88/Add;model_28/tf.nn.convolution_58/convolution;Const_130_cg52
CONV_2D,AvgPool,1600,0.3113712791132146,2913.0,0.09772665589313878,2913.0,144.0,9.375009375009375,0.0,0.0,100,4.659172232824427e-05,0.006704857535187092,model_28/tf.math.add_88/Add;model_28/tf.nn.convolution_58/convolution;Const_130_concat52_avgpool
CONV_2D,Conv2DBias,1664,0.32382613027774315,1526.0,0.05119494572362848,1526.0,100.0,9.375009375009375,0.0,0.0,900,0.0004193255009541985,0.11519085845347313,model_28/tf.math.add_88/Add;model_28/tf.nn.convolution_58/convolution;Const_130_cg53
CONV_2D,AvgPool,1600,0.3113712791132146,2913.0,0.09772665589313878,2913.0,144.0,9.375009375009375,0.0,0.0,100,4.659172232824427e-05,0.006704857535187092,model_28/tf.math.add_88/Add;model_28/tf.nn.convolution_58/convolution;Const_130_concat53_avgpool
CONV_2D,Conv2DBias,1664,0.32382613027774315,1526.0,0.05119494572362848,1526.0,100.0,9.375009375009375,0.0,0.0,900,0.0004193255009541985,0.11519085845347313,model_28/tf.math.add_88/Add;model_28/tf.nn.convolution_58/convolution;Const_130_cg54
CONV_2D,AvgPool,1600,0.3113712791132146,2913.0,0.09772665589313878,2913.0,144.0,9.375009375009375,0.0,0.0,100,4.659172232824427e-05,0.006704857535187092,model_28/tf.math.add_88/Add;model_28/tf.nn.convolution_58/convolution;Const_130_concat54_avgpool
CONV_2D,Conv2DBias,1664,0.32382613027774315,1526.0,0.05119494572362848,1526.0,100.0,9.375009375009375,0.0,0.0,900,0.0004193255009541985,0.11519085845347313,model_28/tf.math.add_88/Add;model_28/tf.nn.convolution_58/convolution;Const_130_cg55
CONV_2D,AvgPool,1600,0.3113712791132146,2913.0,0.09772665589313878,2913.0,144.0,9.375009375009375,0.0,0.0,100,4.659172232824427e-05,0.006704857535187092,model_28/tf.math.add_88/Add;model_28/tf.nn.convolution_58/convolution;Const_130_concat55_avgpool
CONV_2D,Conv2DBias,1664,0.32382613027774315,1526.0,0.05119494572362848,1526.0,100.0,9.375009375009375,0.0,0.0,900,0.0004193255009541985,0.11519085845347313,model_28/tf.math.add_88/Add;model_28/tf.nn.convolution_58/convolution;Const_130_cg56
CONV_2D,AvgPool,1600,0.3113712791132146,2913.0,0.09772665589313878,2913.0,144.0,9.375009375009375,0.0,0.0,100,4.659172232824427e-05,0.006704857535187092,model_28/tf.math.add_88/Add;model_28/tf.nn.convolution_58/convolution;Const_130_concat56_avgpool
CONV_2D,Conv2DBias,1664,0.32382613027774315,1526.0,0.05119494572362848,1526.0,100.0,9.375009375009375,0.0,0.0,900,0.0004193255009541985,0.11519085845347313,model_28/tf.math.add_88/Add;model_28/tf.nn.convolution_58/convolution;Const_130_cg57
CONV_2D,AvgPool,1600,0.3113712791132146,2913.0,0.09772665589313878,2913.0,144.0,9.375009375009375,0.0,0.0,100,4.659172232824427e-05,0.006704857535187092,model_28/tf.math.add_88/Add;model_28/tf.nn.convolution_58/convolution;Const_130_concat57_avgpool
CONV_2D,Conv2DBias,1664,0.32382613027774315,1526.0,0.05119494572362848,1526.0,100.0,9.375009375009375,0.0,0.0,900,0.0004193255009541985,0.11519085845347313,model_28/tf.math.add_88/Add;model_28/tf.nn.convolution_58/convolution;Const_130_cg58
CONV_2D,AvgPool,1600,0.3113712791132146,2913.0,0.09772665589313878,2913.0,144.0,9.375009375009375,0.0,0.0,100,4.659172232824427e-05,0.006704857535187092,model_28/tf.math.add_88/Add;model_28/tf.nn.convolution_58/convolution;Const_130_concat58_avgpool
CONV_2D,Conv2DBias,1664,0.32382613027774315,1526.0,0.05119494572362848,1526.0,100.0,9.375009375009375,0.0,0.0,900,0.0004193255009541985,0.11519085845347313,model_28/tf.math.add_88/Add;model_28/tf.nn.convolution_58/convolution;Const_130_cg59
CONV_2D,AvgPool,1600,0.3113712791132146,2913.0,0.09772665589313878,2913.0,144.0,9.375009375009375,0.0,0.0,100,4.659172232824427e-05,0.006704857535187092,model_28/tf.math.add_88/Add;model_28/tf.nn.convolution_58/convolution;Const_130_concat59_avgpool
CONV_2D,Conv2DBias,1664,0.32382613027774315,1526.0,0.05119494572362848,1526.0,100.0,9.375009375009375,0.0,0.0,900,0.0004193255009541985,0.11519085845347313,model_28/tf.math.add_88/Add;model_28/tf.nn.convolution_58/convolution;Const_130_cg60
CONV_2D,AvgPool,1600,0.3113712791132146,2913.0,0.09772665589313878,2913.0,144.0,9.375009375009375,0.0,0.0,100,4.659172232824427e-05,0.006704857535187092,model_28/tf.math.add_88/Add;model_28/tf.nn.convolution_58/convolution;Const_130_concat60_avgpool
CONV_2D,Conv2DBias,1664,0.32382613027774315,1526.0,0.05119494572362848,1526.0,100.0,9.375009375009375,0.0,0.0,900,0.0004193255009541985,0.11519085845347313,model_28/tf.math.add_88/Add;model_28/tf.nn.convolution_58/convolution;Const_130_cg61
CONV_2D,AvgPool,1600,0.3113712791132146,2913.0,0.09772665589313878,2913.0,144.0,9.375009375009375,0.0,0.0,100,4.659172232824427e-05,0.006704857535187092,model_28/tf.math.add_88/Add;model_28/tf.nn.convolution_58/convolution;Const_130_concat61_avgpool
CONV_2D,Conv2DBias,1664,0.32382613027774315,1526.0,0.05119494572362848,1526.0,100.0,9.375009375009375,0.0,0.0,900,0.0004193255009541985,0.11519085845347313,model_28/tf.math.add_88/Add;model_28/tf.nn.convolution_58/convolution;Const_130_cg62
CONV_2D,AvgPool,1600,0.3113712791132146,2913.0,0.09772665589313878,2913.0,144.0,9.375009375009375,0.0,0.0,100,4.659172232824427e-05,0.006704857535187092,model_28/tf.math.add_88/Add;model_28/tf.nn.convolution_58/convolution;Const_130_concat62_avgpool
CONV_2D,Conv2DBias,1664,0.32382613027774315,1526.0,0.05119494572362848,1526.0,100.0,9.375009375009375,0.0,0.0,900,0.0004193255009541985,0.11519085845347313,model_28/tf.math.add_88/Add;model_28/tf.nn.convolution_58/convolution;Const_130_cg63
CONV_2D,AvgPool,1600,0.3113712791132146,2913.0,0.09772665589313878,2913.0,144.0,9.375009375009375,0.0,0.0,100,4.659172232824427e-05,0.006704857535187092,model_28/tf.math.add_88/Add;model_28/tf.nn.convolution_58/convolution;Const_130_concat63_avgpool
STRIDED_SLICE,AvgPool,0,0.0,8754.0,0.2936831945377744,8754.0,0.0,600.0006000006,0.0,0.0,3200,0.0014909351145038167,0.07139593328763993,model_28/tf.strided_slice_14/StridedSlice_avgpool
STRIDED_SLICE,AvgPool,0,0.0,8754.0,0.2936831945377744,8754.0,0.0,600.0006000006,0.0,0.0,3200,0.0014909351145038167,0.07139593328763993,model_28/tf.strided_slice_13/StridedSlice_avgpool
TFLite_operator,NNG Operator,SRAM Usage,Peak%,Op Cycles,Network%,NPU,SRAM AC,DRAM AC,OnFlash AC,OffFlash AC,MAC Count,Network%,Util%,Name
MUL,Mul,10000,1.9460704944575913,1875.0,0.06290335729475977,1875.0,625.0,937.5009375009375,0.0,0.0,0,0.0,0.0,model_28/tf.math.multiply_35/Mul
SOFTMAX,MaxPool,10112,1.9678664839955162,2529.0,0.08484404831917197,2529.0,818.75,0.0,0.0,0.0,10000,0.004659172232824428,0.7722914195334124,model_28/tf.nn.softmax_3/wa/model.10/m/m.1/attn/Softmax_maxpool0
SOFTMAX,Sub,54912,10.686262299165525,5600.0,0.1878713604536825,5600.0,4050.0,0.0,0.0,0.0,0,0.0,0.0,model_28/tf.nn.softmax_3/wa/model.10/m/m.1/attn/Softmax_sub1
SOFTMAX,SHR,84800,16.502677793000373,5300.0,0.17780682328652095,3125.0,5300.0,6.0000060000060005,0.0,0.0,0,0.0,0.0,model_28/tf.nn.softmax_3/wa/model.10/m/m.1/attn/Softmax_shr2
SOFTMAX,ReduceSum,91200,17.74816290945323,2900.0,0.09729052594922843,1621.0,2900.0,0.0,0.0,0.0,10000,0.004659172232824428,0.6734913793103448,model_28/tf.nn.softmax_3/wa/model.10/m/m.1/attn/Softmax_reduce_sum3
SOFTMAX,CLZ,57600,11.209366048075726,900.0,0.030193611501484686,900.0,800.0,0.0,0.0,0.0,0,0.0,0.0,model_28/tf.nn.softmax_3/wa/model.10/m/m.1/attn/Softmax_clz4
SOFTMAX,Sub,64000,12.454851164528584,800.0,0.0268387657790975,500.0,800.0,6.0000060000060005,0.0,0.0,0,0.0,0.0,model_28/tf.nn.softmax_3/wa/model.10/m/m.1/attn/Softmax_sub5
SOFTMAX,Sub,70400,13.700336280981443,800.0,0.0268387657790975,500.0,800.0,6.0000060000060005,0.0,0.0,0,0.0,0.0,model_28/tf.nn.softmax_3/wa/model.10/m/m.1/attn/Softmax_sub6
SOFTMAX,SHL,64000,12.454851164528584,1200.0,0.04025814866864625,500.0,1200.0,0.0,0.0,0.0,0,0.0,0.0,model_28/tf.nn.softmax_3/wa/model.10/m/m.1/attn/Softmax_shl7
SOFTMAX,Sub,57600,11.209366048075726,800.0,0.0268387657790975,500.0,800.0,6.0000060000060005,0.0,0.0,0,0.0,0.0,model_28/tf.nn.softmax_3/wa/model.10/m/m.1/attn/Softmax_sub8
SOFTMAX,SHL,57600,11.209366048075726,800.0,0.0268387657790975,500.0,800.0,6.0000060000060005,0.0,0.0,0,0.0,0.0,model_28/tf.nn.softmax_3/wa/model.10/m/m.1/attn/Softmax_shl9
SOFTMAX,Add,57600,11.209366048075726,800.0,0.0268387657790975,500.0,800.0,6.0000060000060005,0.0,0.0,0,0.0,0.0,model_28/tf.nn.softmax_3/wa/model.10/m/m.1/attn/Softmax_add10
SOFTMAX,Mul,64000,12.454851164528584,800.0,0.0268387657790975,500.0,800.0,6.0000060000060005,0.0,0.0,0,0.0,0.0,model_28/tf.nn.softmax_3/wa/model.10/m/m.1/attn/Softmax_mul11
SOFTMAX,Add,64000,12.454851164528584,800.0,0.0268387657790975,500.0,800.0,6.0000060000060005,0.0,0.0,0,0.0,0.0,model_28/tf.nn.softmax_3/wa/model.10/m/m.1/attn/Softmax_add12
SOFTMAX,Mul,70400,13.700336280981443,1200.0,0.04025814866864625,500.0,1200.0,0.0,0.0,0.0,0,0.0,0.0,model_28/tf.nn.softmax_3/wa/model.10/m/m.1/attn/Softmax_mul13
SOFTMAX,Sub,70400,13.700336280981443,800.0,0.0268387657790975,500.0,800.0,6.0000060000060005,0.0,0.0,0,0.0,0.0,model_28/tf.nn.softmax_3/wa/model.10/m/m.1/attn/Softmax_sub14
SOFTMAX,Mul,70400,13.700336280981443,1200.0,0.04025814866864625,500.0,1200.0,0.0,0.0,0.0,0,0.0,0.0,model_28/tf.nn.softmax_3/wa/model.10/m/m.1/attn/Softmax_mul15
SOFTMAX,Mul,70400,13.700336280981443,800.0,0.0268387657790975,500.0,800.0,6.0000060000060005,0.0,0.0,0,0.0,0.0,model_28/tf.nn.softmax_3/wa/model.10/m/m.1/attn/Softmax_mul16
SOFTMAX,Add,70400,13.700336280981443,1200.0,0.04025814866864625,500.0,1200.0,0.0,0.0,0.0,0,0.0,0.0,model_28/tf.nn.softmax_3/wa/model.10/m/m.1/attn/Softmax_add17
SOFTMAX,Mul,70400,13.700336280981443,1200.0,0.04025814866864625,500.0,1200.0,0.0,0.0,0.0,0,0.0,0.0,model_28/tf.nn.softmax_3/wa/model.10/m/m.1/attn/Softmax_mul18
SOFTMAX,Sub,70400,13.700336280981443,800.0,0.0268387657790975,500.0,800.0,6.0000060000060005,0.0,0.0,0,0.0,0.0,model_28/tf.nn.softmax_3/wa/model.10/m/m.1/attn/Softmax_sub19
SOFTMAX,Mul,70400,13.700336280981443,1200.0,0.04025814866864625,500.0,1200.0,0.0,0.0,0.0,0,0.0,0.0,model_28/tf.nn.softmax_3/wa/model.10/m/m.1/attn/Softmax_mul20
SOFTMAX,Mul,70400,13.700336280981443,800.0,0.0268387657790975,500.0,800.0,6.0000060000060005,0.0,0.0,0,0.0,0.0,model_28/tf.nn.softmax_3/wa/model.10/m/m.1/attn/Softmax_mul21
SOFTMAX,Add,70400,13.700336280981443,1200.0,0.04025814866864625,500.0,1200.0,0.0,0.0,0.0,0,0.0,0.0,model_28/tf.nn.softmax_3/wa/model.10/m/m.1/attn/Softmax_add22
SOFTMAX,Mul,70400,13.700336280981443,1200.0,0.04025814866864625,500.0,1200.0,0.0,0.0,0.0,0,0.0,0.0,model_28/tf.nn.softmax_3/wa/model.10/m/m.1/attn/Softmax_mul23
SOFTMAX,Sub,64000,12.454851164528584,800.0,0.0268387657790975,500.0,800.0,6.0000060000060005,0.0,0.0,0,0.0,0.0,model_28/tf.nn.softmax_3/wa/model.10/m/m.1/attn/Softmax_sub24
SOFTMAX,Mul,64000,12.454851164528584,1200.0,0.04025814866864625,500.0,1200.0,0.0,0.0,0.0,0,0.0,0.0,model_28/tf.nn.softmax_3/wa/model.10/m/m.1/attn/Softmax_mul25
SOFTMAX,Mul,64000,12.454851164528584,800.0,0.0268387657790975,500.0,800.0,6.0000060000060005,0.0,0.0,0,0.0,0.0,model_28/tf.nn.softmax_3/wa/model.10/m/m.1/attn/Softmax_mul26
SOFTMAX,Add,64000,12.454851164528584,1200.0,0.04025814866864625,500.0,1200.0,0.0,0.0,0.0,0,0.0,0.0,model_28/tf.nn.softmax_3/wa/model.10/m/m.1/attn/Softmax_add27
SOFTMAX,Mul,57600,11.209366048075726,800.0,0.0268387657790975,500.0,800.0,6.0000060000060005,0.0,0.0,0,0.0,0.0,model_28/tf.nn.softmax_3/wa/model.10/m/m.1/attn/Softmax_mul28
SOFTMAX,Mul,102400,19.927761863245735,8400.0,0.2818070406805237,3500.0,8400.0,0.0,0.0,0.0,0,0.0,0.0,model_28/tf.nn.softmax_3/wa/model.10/m/m.1/attn/Softmax_mul29
SOFTMAX,SHR,61200,11.90995142608046,6225.0,0.2088391462186024,3125.0,6225.0,0.0,0.0,0.0,0,0.0,0.0,model_28/tf.nn.softmax_3/wa/model.10/m/m.1/attn/Softmax_shr30
TRANSPOSE,AvgPool,10000,1.9460704944575913,46257.0,1.5518509858046414,46257.0,862.5,937.5009375009375,0.0,0.0,10000,0.004659172232824428,0.04222333917028774,model_28/tf.compat.v1.transpose_45/transpose_avgpool
TFLite_operator,NNG Operator,SRAM Usage,Peak%,Op Cycles,Network%,NPU,SRAM AC,DRAM AC,OnFlash AC,OffFlash AC,MAC Count,Network%,Util%,Name
RESHAPE,Memcpy,0,0.0,0.0,0.0,0.0,0.0,0.0,0.0,0.0,0,0.0,100.0,model_28/tf.reshape_17/Reshape
TFLite_operator,NNG Operator,SRAM Usage,Peak%,Op Cycles,Network%,NPU,SRAM AC,DRAM AC,OnFlash AC,OffFlash AC,MAC Count,Network%,Util%,Name
ADD,Add,6400,1.2454851164528584,2400.0,0.0805162973372925,2400.0,400.0,1200.0012000012,0.0,0.0,0,0.0,0.0,model_28/tf.math.add_90/Add
CONV_2D,Conv2DBias,17568,3.4188566446630966,3780.0,0.12681316830623568,3780.0,880.0,0.0,0.0,0.0,409600,0.19083969465648853,21.164021164021165,model_28/tf.math.add_91/Add;model_28/tf.nn.convolution_59/convolution;Const_128
ADD,Add,6400,1.2454851164528584,2400.0,0.0805162973372925,2400.0,800.0,600.0006000006,0.0,0.0,0,0.0,0.0,model_28/tf.math.add_93/Add
CONV_2D,Conv2DBias,28656,5.576659608917674,4717.0,0.15824807272500363,4717.0,1760.0,0.0,0.0,0.0,819200,0.38167938931297707,33.91986432054272,model_28/tf.nn.relu_53/Relu;model_28/tf.math.add_94/Add;model_28/tf.nn.convolution_60/convolution;Const_126
CONV_2D,Conv2DBias,34240,6.663345373022793,2400.0,0.0805162973372925,2400.0,1360.0,0.0,0.0,0.0,819200,0.38167938931297707,66.66666666666666,model_28/tf.math.add_95/Add;model_28/tf.nn.convolution_61/convolution;Const_124
ADD,Add,12800,2.490970232905717,2400.0,0.0805162973372925,2400.0,1200.0,0.0,0.0,0.0,0,0.0,0.0,model_28/tf.math.add_97/Add
CONCATENATION,AvgPool,19200,3.7364553493585753,7315.0,0.24540696459262276,7315.0,400.0,864.000864000864,0.0,0.0,6400,0.0029818702290076333,0.17088174982911825,model_28/tf.concat_9/concat0_avgpool
CONCATENATION,AvgPool,19200,3.7364553493585753,2223.0,0.07457822040866718,2223.0,1040.0,0.0,0.0,0.0,6400,0.0029818702290076333,0.5623031938821412,model_28/tf.concat_9/concat1_avgpool
CONV_2D,Conv2DBias,42896,8.347863993025284,4320.0,0.14492933520712648,4320.0,2720.0,0.0,0.0,0.0,1638400,0.7633587786259541,74.07407407407408,model_28/tf.nn.relu_54/Relu;model_28/tf.math.add_98/Add;model_28/tf.nn.convolution_62/convolution;Const_122
QUANTIZE,AvgPool,25600,4.981940465811434,2467.0,0.08276404397129192,2467.0,1952.0,0.0,0.0,0.0,12800,0.005963740458015267,1.0133765707336846,model_28/tf.nn.relu_54/Relu;model_28/tf.math.add_98/Add;model_28/tf.nn.convolution_62/convolution;Const_1221
RESIZE_NEAREST_NEIGHBOR,ResizeNearestNeighbor,76800,14.945821397434301,16403.0,0.5502953438431704,16403.0,5760.0,0.0,0.0,0.0,51200,0.023854961832061067,0.6096445772114857,model_28/tf.image.resize/resize/ResizeNearestNeighbor
CONCATENATION,AvgPool,140800,27.400672561962885,6563.0,0.22017852476027114,6563.0,6400.0,0.0,0.0,0.0,51200,0.023854961832061067,1.5236934328813043,model_28/tf.concat_10/concat0_avgpool
CONCATENATION,AvgPool,89600,17.436791630340018,19019.0,0.6380581079408192,19019.0,1600.0,2400.0024000024,0.0,0.0,25600,0.011927480916030533,0.262894999737105,model_28/tf.concat_10/concat1_avgpool
CONV_2D,Conv2DBias,127552,24.822518370905467,12093.0,0.40570149320828264,12093.0,7360.0,0.0,0.0,0.0,4915200,2.2900763358778624,79.38476804763086,model_28/tf.nn.relu_55/Relu;model_28/tf.math.add_99/Add;model_28/tf.nn.convolution_63/convolution;Const_120
CONCATENATION,AvgPool,89600,17.436791630340018,1643.0,0.05512011521882149,1643.0,1600.0,0.0,0.0,0.0,12800,0.005963740458015267,1.5216068167985393,model_28/tf.concat_11/concat0_avgpool
CONCATENATION,AvgPool,89600,17.436791630340018,1643.0,0.05512011521882149,1643.0,1600.0,0.0,0.0,0.0,12800,0.005963740458015267,1.5216068167985393,model_28/tf.concat_11/concat1_avgpool
CONV_2D,Conv2DBias,100240,19.507410636442895,4767.0,0.15992549558619723,4767.0,1744.0,0.0,0.0,0.0,1843200,0.8587786259541985,75.51919446192574,model_28/tf.nn.relu_56/Relu;model_28/tf.math.add_100/Add;model_28/tf.nn.convolution_64/convolution;Const_118
CONV_2D,Conv2DBias,114016,22.188317349607672,6173.0,0.20709462644296106,6173.0,2000.0,0.0,0.0,0.0,1843200,0.8587786259541985,58.3184837194233,model_28/tf.nn.relu_57/Relu;model_28/tf.math.add_101/Add;model_28/tf.nn.convolution_65/convolution;Const_116
ADD,Add,102400,19.927761863245735,4800.0,0.161032594674585,4800.0,2400.0,0.0,0.0,0.0,0,0.0,0.0,model_28/tf.math.add_103/Add
CONCATENATION,AvgPool,76800,14.945821397434301,1643.0,0.05512011521882149,1643.0,1600.0,0.0,0.0,0.0,12800,0.005963740458015267,1.5216068167985393,model_28/tf.concat_11/concat2_avgpool
CONV_2D,Conv2DBias,87504,17.028895254701705,4767.0,0.15992549558619723,4767.0,1744.0,0.0,0.0,0.0,1843200,0.8587786259541985,75.51919446192574,model_28/tf.nn.relu_58/Relu;model_28/tf.math.add_104/Add;model_28/tf.nn.convolution_66/convolution;Const_114
CONV_2D,Conv2DBias,101216,19.697347116701955,6173.0,0.20709462644296106,6173.0,2000.0,0.0,0.0,0.0,1843200,0.8587786259541985,58.3184837194233,model_28/tf.nn.relu_59/Relu;model_28/tf.math.add_105/Add;model_28/tf.nn.convolution_67/convolution;Const_112
ADD,Add,89600,17.436791630340018,4800.0,0.161032594674585,4800.0,2400.0,0.0,0.0,0.0,0,0.0,0.0,model_28/tf.math.add_107/Add
CONCATENATION,AvgPool,76800,14.945821397434301,1643.0,0.05512011521882149,1643.0,1600.0,0.0,0.0,0.0,12800,0.005963740458015267,1.5216068167985393,model_28/tf.concat_11/concat3_avgpool
CONV_2D,Conv2DBias,98176,19.10574168638685,8160.0,0.27375541094679445,8160.0,5440.0,0.0,0.0,0.0,3276800,1.5267175572519083,78.43137254901961,model_28/tf.nn.relu_60/Relu;model_28/tf.math.add_108/Add;model_28/tf.nn.convolution_68/convolution;Const_110
QUANTIZE,AvgPool,64000,12.454851164528584,3283.0,0.11013958506597137,3283.0,3200.0,0.0,0.0,0.0,25600,0.011927480916030533,1.5229972586049345,model_28/tf.nn.relu_60/Relu;model_28/tf.math.add_108/Add;model_28/tf.nn.convolution_68/convolution;Const_1101
RESIZE_NEAREST_NEIGHBOR,ResizeNearestNeighbor,166400,32.38261302777432,18419.0,0.617929033606496,18419.0,9280.0,0.0,0.0,0.0,102400,0.047709923664122134,1.085835278788208,model_28/tf.image.resize_1/resize/ResizeNearestNeighbor
CONCATENATION,AvgPool,345600,67.25619628845435,14138.0,0.4743080882311006,14138.0,13440.0,0.0,0.0,0.0,102400,0.047709923664122134,1.4146272457207525,model_28/tf.concat_12/concat0_avgpool
CONCATENATION,AvgPool,243200,47.32843442520862,113344.0,3.8025163355825335,113344.0,6400.0,10560.01056001056,0.0,0.0,102400,0.047709923664122134,0.1764539808018069,model_28/tf.concat_12/concat1_avgpool
CONV_2D,Conv2DBias,298528,58.09565325694358,16640.0,0.558246328205228,13923.0,16640.0,0.0,0.0,0.0,6553600,3.0534351145038165,76.92307692307693,model_28/tf.nn.relu_61/Relu;model_28/tf.math.add_109/Add;model_28/tf.nn.convolution_69/convolution;Const_108
CONCATENATION,AvgPool,192000,37.36455349358575,3578.0,0.12003637994701356,3578.0,3360.0,0.0,0.0,0.0,25600,0.011927480916030533,1.3974287311347122,model_28/tf.concat_13/concat0_avgpool
CONCATENATION,AvgPool,192000,37.36455349358575,3578.0,0.12003637994701356,3578.0,3360.0,0.0,0.0,0.0,25600,0.011927480916030533,1.3974287311347122,model_28/tf.concat_13/concat1_avgpool
CONV_2D,Conv2DBias,219184,42.65475152571927,9080.0,0.30461999159275666,9080.0,4064.0,0.0,0.0,0.0,1843200,0.8587786259541985,39.647577092511014,model_28/tf.nn.relu_62/Relu;model_28/tf.math.add_110/Add;model_28/tf.nn.convolution_70/convolution;Const_106
CONV_2D,Conv2DBias,244624,47.60555486361938,6240.0,0.20934237307696052,6240.0,4064.0,0.0,0.0,0.0,1843200,0.8587786259541985,57.692307692307686,model_28/tf.nn.relu_63/Relu;model_28/tf.math.add_111/Add;model_28/tf.nn.convolution_71/convolution;Const_104
ADD,Add,217600,42.346493959397186,9600.0,0.32206518934917,9600.0,4800.0,0.0,0.0,0.0,0,0.0,0.0,model_28/tf.math.add_113/Add
CONCATENATION,AvgPool,166400,32.38261302777432,3578.0,0.12003637994701356,3578.0,3360.0,0.0,0.0,0.0,25600,0.011927480916030533,1.3974287311347122,model_28/tf.concat_13/concat2_avgpool
CONV_2D,Conv2DBias,193552,37.66658363432557,6110.0,0.20498107363785714,6110.0,4064.0,0.0,0.0,0.0,1843200,0.8587786259541985,58.91980360065466,model_28/tf.nn.relu_64/Relu;model_28/tf.math.add_114/Add;model_28/tf.nn.convolution_72/convolution;Const_102
CONV_2D,Conv2DBias,219008,42.620500685016815,6240.0,0.20934237307696052,6240.0,4064.0,0.0,0.0,0.0,1843200,0.8587786259541985,57.692307692307686,model_28/tf.nn.relu_65/Relu;model_28/tf.math.add_115/Add;model_28/tf.nn.convolution_73/convolution;Const_100
ADD,Add,192000,37.36455349358575,9600.0,0.32206518934917,9600.0,4800.0,0.0,0.0,0.0,0,0.0,0.0,model_28/tf.math.add_117/Add
CONCATENATION,AvgPool,166400,32.38261302777432,3578.0,0.12003637994701356,3578.0,3360.0,0.0,0.0,0.0,25600,0.011927480916030533,1.3974287311347122,model_28/tf.concat_13/concat3_avgpool
CONV_2D,Conv2DBias,194288,37.80981442271765,9920.0,0.332800695660809,7200.0,9920.0,0.0,0.0,0.0,3276800,1.5267175572519083,64.51612903225806,model_28/tf.nn.relu_66/Relu;model_28/tf.math.add_118/Add;model_28/tf.nn.convolution_74/convolution;Const_98
CONV_2D,Conv2DBias,110992,21.599825632083697,9157.0,0.30720322279899476,9157.0,5728.0,0.0,0.0,0.0,3686400,1.717557251908397,78.62837173746861,model_28/tf.nn.relu_67/Relu;model_28/tf.math.add_119/Add;model_28/tf.nn.convolution_75/convolution;Const_95
CONCATENATION,AvgPool,140800,27.400672561962885,1643.0,0.05512011521882149,1643.0,1600.0,0.0,0.0,0.0,12800,0.005963740458015267,1.5216068167985393,model_28/tf.concat_14/concat0_avgpool
CONCATENATION,AvgPool,128000,24.90970232905717,3283.0,0.11013958506597137,3283.0,3200.0,0.0,0.0,0.0,25600,0.011927480916030533,1.5229972586049345,model_28/tf.concat_14/concat1_avgpool
CONV_2D,Conv2DBias,134448,26.164528583883424,6240.0,0.20934237307696052,6240.0,4480.0,0.0,0.0,0.0,2457600,1.1450381679389312,76.92307692307693,model_28/tf.nn.relu_72/Relu;model_28/tf.math.add_124/Add;model_28/tf.nn.convolution_78/convolution;Const_93
CONCATENATION,AvgPool,140800,27.400672561962885,1643.0,0.05512011521882149,1643.0,1600.0,0.0,0.0,0.0,12800,0.005963740458015267,1.5216068167985393,model_28/tf.concat_16/concat0_avgpool
CONCATENATION,AvgPool,140800,27.400672561962885,1643.0,0.05512011521882149,1643.0,1600.0,0.0,0.0,0.0,12800,0.005963740458015267,1.5216068167985393,model_28/tf.concat_16/concat1_avgpool
CONV_2D,Conv2DBias,151488,29.48063270643916,4767.0,0.15992549558619723,4767.0,1744.0,0.0,0.0,0.0,1843200,0.8587786259541985,75.51919446192574,model_28/tf.nn.relu_74/Relu;model_28/tf.math.add_127/Add;model_28/tf.nn.convolution_80/convolution;Const_91
CONV_2D,Conv2DBias,165264,32.16153941960393,6173.0,0.20709462644296106,6173.0,2000.0,0.0,0.0,0.0,1843200,0.8587786259541985,58.3184837194233,model_28/tf.nn.relu_76/Relu;model_28/tf.math.add_129/Add;model_28/tf.nn.convolution_82/convolution;Const_89
ADD,Add,153600,29.891642794868602,4800.0,0.161032594674585,4800.0,2400.0,0.0,0.0,0.0,0,0.0,0.0,model_28/tf.math.add_132/Add
CONCATENATION,AvgPool,128000,24.90970232905717,1643.0,0.05512011521882149,1643.0,1600.0,0.0,0.0,0.0,12800,0.005963740458015267,1.5216068167985393,model_28/tf.concat_16/concat2_avgpool
CONV_2D,Conv2DBias,138784,27.008344750280234,4767.0,0.15992549558619723,4767.0,1744.0,0.0,0.0,0.0,1843200,0.8587786259541985,75.51919446192574,model_28/tf.nn.relu_77/Relu;model_28/tf.math.add_133/Add;model_28/tf.nn.convolution_84/convolution;Const_87
CONV_2D,Conv2DBias,152400,29.658114335533693,6173.0,0.20709462644296106,6173.0,2000.0,0.0,0.0,0.0,1843200,0.8587786259541985,58.3184837194233,model_28/tf.nn.relu_78/Relu;model_28/tf.math.add_134/Add;model_28/tf.nn.convolution_85/convolution;Const_85
ADD,Add,140800,27.400672561962885,4800.0,0.161032594674585,4800.0,2400.0,0.0,0.0,0.0,0,0.0,0.0,model_28/tf.math.add_136/Add
CONCATENATION,AvgPool,128000,24.90970232905717,1643.0,0.05512011521882149,1643.0,1600.0,0.0,0.0,0.0,12800,0.005963740458015267,1.5216068167985393,model_28/tf.concat_16/concat3_avgpool
CONV_2D,Conv2DBias,149184,29.03225806451613,8160.0,0.27375541094679445,8160.0,5440.0,0.0,0.0,0.0,3276800,1.5267175572519083,78.43137254901961,model_28/tf.nn.relu_79/Relu;model_28/tf.math.add_137/Add;model_28/tf.nn.convolution_86/convolution;Const_83
CONV_2D,Conv2DBias,130352,25.367418109353597,9413.0,0.31579162784830594,9413.0,4880.0,0.0,0.0,0.0,3686400,1.717557251908397,76.48996069265908,model_28/tf.nn.relu_80/Relu;model_28/tf.math.add_138/Add;model_28/tf.nn.convolution_87/convolution;Const_80
CONCATENATION,AvgPool,115200,22.41873209615145,2223.0,0.07457822040866718,2223.0,1040.0,0.0,0.0,0.0,6400,0.0029818702290076333,0.5623031938821412,model_28/tf.concat_17/concat0_avgpool
CONCATENATION,AvgPool,108800,21.173246979698593,2467.0,0.08276404397129192,2467.0,1952.0,0.0,0.0,0.0,12800,0.005963740458015267,1.0133765707336846,model_28/tf.concat_17/concat1_avgpool
CONV_2D,Conv2DBias,133024,25.887408145472662,6333.0,0.21246237959878062,6333.0,3680.0,0.0,0.0,0.0,2457600,1.1450381679389312,75.7934628138323,model_28/tf.nn.relu_85/Relu;model_28/tf.math.add_143/Add;model_28/tf.nn.convolution_90/convolution;Const_78
CONCATENATION,AvgPool,115200,22.41873209615145,1235.0,0.04143234467148177,1235.0,976.0,0.0,0.0,0.0,6400,0.0029818702290076333,1.0121457489878543,model_28/tf.concat_23/concat0_avgpool
CONCATENATION,AvgPool,115200,22.41873209615145,1235.0,0.04143234467148177,1235.0,976.0,0.0,0.0,0.0,6400,0.0029818702290076333,1.0121457489878543,model_28/tf.concat_23/concat1_avgpool
CONV_2D,Conv2DBias,120752,23.499190434674304,800.0,0.0268387657790975,800.0,600.0,0.0,0.0,0.0,204800,0.09541984732824427,50.0,model_28/tf.nn.relu_87/Relu;model_28/tf.math.add_146/Add;model_28/tf.nn.convolution_92/convolution;Const_76
CONV_2D,Conv2DBias,130336,25.36430439656246,3460.0,0.11607766199459668,3460.0,600.0,0.0,0.0,0.0,921600,0.42938931297709926,52.02312138728323,model_28/tf.nn.relu_90/Relu;model_28/tf.math.add_149/Add;model_28/tf.nn.convolution_95/convolution;Const_74
CONV_2D,Conv2DBias,133584,25.996388093162288,3390.0,0.11372926998892566,3390.0,600.0,0.0,0.0,0.0,921600,0.42938931297709926,53.09734513274337,model_28/tf.nn.relu_91/Relu;model_28/tf.math.add_151/Add;model_28/tf.nn.convolution_97/convolution;Const_72
ADD,Add,121600,23.66421721260431,1200.0,0.04025814866864625,1200.0,600.0,0.0,0.0,0.0,0,0.0,0.0,model_28/tf.math.add_153/Add
CONV_2D,Conv2DBias,130400,25.376759247726987,4644.0,0.15579903534766099,4644.0,600.0,0.0,0.0,0.0,921600,0.42938931297709926,38.759689922480625,model_28/tf.nn.relu_92/Relu;model_28/tf.math.add_154/Add;model_28/tf.nn.convolution_98/convolution;Const_70
CONV_2D,Conv2DBias,133536,25.98704695478889,3384.0,0.11352797924558242,3384.0,600.0,0.0,0.0,0.0,921600,0.42938931297709926,53.191489361702125,model_28/tf.nn.relu_93/Relu;model_28/tf.math.add_155/Add;model_28/tf.nn.convolution_99/convolution;Const_67
ADD,Add,121600,23.66421721260431,1200.0,0.04025814866864625,1200.0,600.0,0.0,0.0,0.0,0,0.0,0.0,model_28/tf.math.add_157/Add
CONCATENATION,AvgPool,124800,24.286959770830737,633.0,0.021236173422710895,633.0,440.0,0.0,0.0,0.0,3200,0.0014909351145038167,0.9873617693522907,model_28/tf.concat_21/concat0_avgpool
CONV_2D,Conv2DBias,127104,24.73533441275377,800.0,0.0268387657790975,800.0,600.0,0.0,0.0,0.0,204800,0.09541984732824427,50.0,model_28/tf.nn.relu_88/Relu;model_28/tf.math.add_147/Add;model_28/tf.nn.convolution_93/convolution;Const_66
CONCATENATION,AvgPool,112000,21.795989537925024,633.0,0.021236173422710895,633.0,440.0,0.0,0.0,0.0,3200,0.0014909351145038167,0.9873617693522907,model_28/tf.concat_21/concat1_avgpool
CONV_2D,Conv2DBias,119808,23.31548137999751,1440.0,0.0483097784023755,1440.0,880.0,0.0,0.0,0.0,409600,0.19083969465648853,55.55555555555556,model_28/tf.nn.relu_94/Relu;model_28/tf.math.add_158/Add;model_28/tf.nn.convolution_100/convolution;Const_64
CONCATENATION,AvgPool,108800,21.173246979698593,2223.0,0.07457822040866718,2223.0,1040.0,0.0,0.0,0.0,6400,0.0029818702290076333,0.5623031938821412,model_28/tf.concat_23/concat2_avgpool
CONV_2D,Conv2DBias,114288,22.24125046705692,800.0,0.0268387657790975,800.0,600.0,0.0,0.0,0.0,204800,0.09541984732824427,50.0,model_28/tf.nn.relu_95/Relu;model_28/tf.math.add_159/Add;model_28/tf.nn.convolution_101/convolution;Const_62
CONV_2D,Conv2DBias,123888,24.109478141736208,3454.0,0.11587637125125345,3454.0,600.0,0.0,0.0,0.0,921600,0.42938931297709926,52.11349160393747,model_28/tf.nn.relu_97/Relu;model_28/tf.math.add_161/Add;model_28/tf.nn.convolution_103/convolution;Const_60
CONV_2D,Conv2DBias,127056,24.72599327438037,3378.0,0.11332668850223919,3378.0,600.0,0.0,0.0,0.0,921600,0.42938931297709926,53.285968028419184,model_28/tf.nn.relu_98/Relu;model_28/tf.math.add_162/Add;model_28/tf.nn.convolution_104/convolution;Const_58
ADD,Add,115200,22.41873209615145,1200.0,0.04025814866864625,1200.0,600.0,0.0,0.0,0.0,0,0.0,0.0,model_28/tf.math.add_164/Add
CONV_2D,Conv2DBias,123872,24.106364428945074,4632.0,0.15539645386097453,4632.0,600.0,0.0,0.0,0.0,921600,0.42938931297709926,38.860103626943,model_28/tf.nn.relu_99/Relu;model_28/tf.math.add_165/Add;model_28/tf.nn.convolution_105/convolution;Const_56
CONV_2D,Conv2DBias,127216,24.757130402291693,3388.0,0.11366217307447792,3388.0,600.0,0.0,0.0,0.0,921600,0.42938931297709926,53.128689492325854,model_28/tf.nn.relu_100/Relu;model_28/tf.math.add_166/Add;model_28/tf.nn.convolution_106/convolution;Const_53
ADD,Add,115200,22.41873209615145,1200.0,0.04025814866864625,1200.0,600.0,0.0,0.0,0.0,0,0.0,0.0,model_28/tf.math.add_168/Add
CONCATENATION,AvgPool,118400,23.04147465437788,633.0,0.021236173422710895,633.0,440.0,0.0,0.0,0.0,3200,0.0014909351145038167,0.9873617693522907,model_28/tf.concat_22/concat0_avgpool
CONV_2D,Conv2DBias,120752,23.499190434674304,800.0,0.0268387657790975,800.0,600.0,0.0,0.0,0.0,204800,0.09541984732824427,50.0,model_28/tf.nn.relu_96/Relu;model_28/tf.math.add_160/Add;model_28/tf.nn.convolution_102/convolution;Const_52
CONCATENATION,AvgPool,112000,21.795989537925024,633.0,0.021236173422710895,633.0,440.0,0.0,0.0,0.0,3200,0.0014909351145038167,0.9873617693522907,model_28/tf.concat_22/concat1_avgpool
CONV_2D,Conv2DBias,119760,23.306140241624114,1440.0,0.0483097784023755,1440.0,880.0,0.0,0.0,0.0,409600,0.19083969465648853,55.55555555555556,model_28/tf.nn.relu_101/Relu;model_28/tf.math.add_169/Add;model_28/tf.nn.convolution_107/convolution;Const_50
CONCATENATION,AvgPool,108800,21.173246979698593,2223.0,0.07457822040866718,2223.0,1040.0,0.0,0.0,0.0,6400,0.0029818702290076333,0.5623031938821412,model_28/tf.concat_23/concat3_avgpool
CONV_2D,Conv2DBias,146272,28.465562336530077,8373.0,0.2809012323354792,8373.0,4640.0,0.0,0.0,0.0,3276800,1.5267175572519083,76.43616386002627,model_28/tf.nn.relu_102/Relu;model_28/tf.math.add_170/Add;model_28/tf.nn.convolution_108/convolution;Const_48
DEPTHWISE_CONV_2D,DepthwiseConv2DBias,105056,20.44463818657367,2600.0,0.08722598878206687,2600.0,1600.0,0.0,0.0,0.0,115200,0.05367366412213741,8.653846153846153,model_28/tf.nn.relu_103/Relu;model_28/tf.math.add_171/Add;model_28/tf.compat.v1.nn.depthwise_conv2d_6/depthwise;Const_26
CONV_2D,Conv2DBias,115872,22.549508033379002,2400.0,0.0805162973372925,2400.0,1360.0,0.0,0.0,0.0,819200,0.38167938931297707,66.66666666666666,model_28/tf.nn.relu_105/Relu;model_28/tf.math.add_173/Add;model_28/tf.nn.convolution_109/convolution;Const_14
CONV_2D,Conv2DBias,107184,20.858761987794246,1440.0,0.0483097784023755,1440.0,880.0,0.0,0.0,0.0,409600,0.19083969465648853,55.55555555555556,model_28/tf.math.add_175/Add;model_28/tf.nn.convolution_111/convolution;Const_2
CONCATENATION,AvgPool,96000,18.682276746792876,3091.0,0.10369828127898796,3091.0,640.0,600.0006000006,0.0,0.0,6400,0.0029818702290076333,0.4043998705920414,StatefulPartitionedCall:20_avgpool
DEPTHWISE_CONV_2D,DepthwiseConv2DBias,105056,20.44463818657367,2600.0,0.08722598878206687,2600.0,1600.0,0.0,0.0,0.0,115200,0.05367366412213741,8.653846153846153,model_28/tf.nn.relu_104/Relu;model_28/tf.math.add_172/Add;model_28/tf.compat.v1.nn.depthwise_conv2d_7/depthwise;Const_44
CONV_2D,Conv2DBias,97008,18.8784406526342,1203.0,0.040358794040317864,1203.0,1000.0,0.0,0.0,0.0,409600,0.19083969465648853,66.50041562759768,model_28/tf.nn.relu_106/Relu;model_28/tf.math.add_174/Add;model_28/tf.nn.convolution_110/convolution;Const_38
DEPTHWISE_CONV_2D,DepthwiseConv2DBias,83936,16.334537302279237,800.0,0.0268387657790975,800.0,400.0,0.0,0.0,0.0,28800,0.013418416030534352,7.03125,model_28/tf.nn.relu_107/Relu;model_28/tf.math.add_176/Add;model_28/tf.compat.v1.nn.depthwise_conv2d_8/depthwise;Const_32
CONV_2D,Conv2DBias,84560,16.455972101133394,653.0,0.021907142567188335,653.0,400.0,0.0,0.0,0.0,102400,0.047709923664122134,30.627871362940272,model_28/tf.nn.relu_108/Relu;model_28/tf.math.add_177/Add;model_28/tf.nn.convolution_112/convolution;Const_20
CONV_2D,Conv2DBias,84224,16.390584132519617,4949.0,0.1660313148009419,4949.0,400.0,0.0,0.0,0.0,64000,0.029818702290076337,2.5257627803596687,model_28/tf.math.add_178/Add;model_28/tf.nn.convolution_113/convolution;Const_8
QUANTIZE,AvgPool,83200,16.19130651388716,1107.0,0.03713814214682617,1107.0,712.0,0.0,0.0,0.0,2000,0.0009318344465648855,0.35286811201445345,model_28/tf.math.sigmoid_2/Sigmoid1
CONCATENATION,AvgPool,80000,15.56856395566073,3167.0,0.10624796402800223,3167.0,288.0,187.5001875001875,0.0,0.0,2000,0.0009318344465648855,0.12334227976002526,StatefulPartitionedCall:21_avgpool
DEPTHWISE_CONV_2D,DepthwiseConv2DBias,128720,25.049819404658113,10976.0,0.36822786648921774,10976.0,7808.0,0.0,0.0,0.0,460800,0.21469465648854963,8.199708454810496,model_28/tf.nn.relu_68/Relu;model_28/tf.math.add_120/Add;model_28/tf.compat.v1.nn.depthwise_conv2d/depthwise;Const_24
CONV_2D,Conv2DBias,233056,45.35434051563084,13091.0,0.4391828535177067,13091.0,9600.0,0.0,0.0,0.0,3276800,1.5267175572519083,48.888549385073716,model_28/tf.nn.relu_70/Relu;model_28/tf.math.add_122/Add;model_28/tf.nn.convolution_76/convolution;Const_12
CONV_2D,Conv2DBias,286096,55.676298418233905,13312.0,0.44659706256418236,13312.0,12800.0,0.0,0.0,0.0,6553600,3.0534351145038165,96.15384615384616,model_28/tf.math.add_125/Add;model_28/tf.nn.convolution_79/convolution;Const
CONCATENATION,AvgPool,179200,34.873583260680036,56148.0,1.883678776205958,56148.0,7040.0,9600.0096000096,0.0,0.0,102400,0.047709923664122134,0.3562014675500463,StatefulPartitionedCall:00_avgpool
DEPTHWISE_CONV_2D,DepthwiseConv2DBias,128736,25.052933117449243,10976.0,0.36822786648921774,10976.0,7808.0,0.0,0.0,0.0,460800,0.21469465648854963,8.199708454810496,model_28/tf.nn.relu_69/Relu;model_28/tf.math.add_121/Add;model_28/tf.compat.v1.nn.depthwise_conv2d_1/depthwise;Const_42
CONV_2D,Conv2DBias,129328,25.168140490721136,7023.0,0.23561081508325218,7023.0,6560.0,0.0,0.0,0.0,1638400,0.7633587786259541,45.56457354406949,model_28/tf.nn.relu_71/Relu;model_28/tf.math.add_123/Add;model_28/tf.nn.convolution_77/convolution;Const_36
DEPTHWISE_CONV_2D,DepthwiseConv2DBias,128736,25.052933117449243,10976.0,0.36822786648921774,10976.0,7808.0,0.0,0.0,0.0,460800,0.21469465648854963,8.199708454810496,model_28/tf.nn.relu_73/Relu;model_28/tf.math.add_126/Add;model_28/tf.compat.v1.nn.depthwise_conv2d_2/depthwise;Const_28
CONV_2D,Conv2DBias,129344,25.171254203512266,7023.0,0.23561081508325218,7023.0,6560.0,0.0,0.0,0.0,1638400,0.7633587786259541,45.56457354406949,model_28/tf.nn.relu_75/Relu;model_28/tf.math.add_128/Add;model_28/tf.nn.convolution_81/convolution;Const_16
CONV_2D,Conv2DBias,129024,25.108979947689626,19837.0,0.6655007459499463,19837.0,6560.0,0.0,0.0,0.0,1024000,0.4770992366412214,10.082169682915763,model_28/tf.math.add_130/Add;model_28/tf.nn.convolution_83/convolution;Const_4
QUANTIZE,AvgPool,128000,24.90970232905717,7098.0,0.23812694937504256,7098.0,6720.0,0.0,0.0,0.0,32000,0.014909351145038168,0.8805297266835729,model_28/tf.math.sigmoid/Sigmoid1
CONCATENATION,AvgPool,76800,14.945821397434301,31991.0,1.073248695048885,31991.0,3200.0,3000.003000003,0.0,0.0,32000,0.014909351145038168,0.19536744709449536,StatefulPartitionedCall:01_avgpool
DEPTHWISE_CONV_2D,DepthwiseConv2DBias,52544,10.225432806077968,9800.0,0.32877488079394435,9800.0,5696.0,0.0,0.0,0.0,230400,0.10734732824427481,4.591836734693878,model_28/tf.nn.relu_81/Relu;model_28/tf.math.add_139/Add;model_28/tf.compat.v1.nn.depthwise_conv2d_3/depthwise;Const_25
CONV_2D,Conv2DBias,80944,15.752273010337525,4320.0,0.14492933520712648,4320.0,3520.0,0.0,0.0,0.0,1638400,0.7633587786259541,74.07407407407408,model_28/tf.nn.relu_83/Relu;model_28/tf.math.add_141/Add;model_28/tf.nn.convolution_88/convolution;Const_13
CONV_2D,Conv2DBias,81408,15.842570681280357,4320.0,0.14492933520712648,4320.0,3520.0,0.0,0.0,0.0,1638400,0.7633587786259541,74.07407407407408,model_28/tf.math.add_144/Add;model_28/tf.nn.convolution_91/convolution;Const_1
CONCATENATION,AvgPool,51200,9.963880931622867,9782.0,0.3281710085639147,9782.0,1600.0,2400.0024000024,0.0,0.0,25600,0.011927480916030533,0.5111429155591903,StatefulPartitionedCall:10_avgpool
DEPTHWISE_CONV_2D,DepthwiseConv2DBias,52544,10.225432806077968,9800.0,0.32877488079394435,9800.0,5696.0,0.0,0.0,0.0,230400,0.10734732824427481,4.591836734693878,model_28/tf.nn.relu_82/Relu;model_28/tf.math.add_140/Add;model_28/tf.compat.v1.nn.depthwise_conv2d_4/depthwise;Const_43
CONV_2D,Conv2DBias,40704,7.921285340640178,2720.0,0.0912518036489315,2400.0,2720.0,0.0,0.0,0.0,819200,0.38167938931297707,58.82352941176471,model_28/tf.nn.relu_84/Relu;model_28/tf.math.add_142/Add;model_28/tf.nn.convolution_89/convolution;Const_37
DEPTHWISE_CONV_2D,DepthwiseConv2DBias,26336,5.125171254203512,5096.0,0.17096293801285106,5096.0,2848.0,0.0,0.0,0.0,115200,0.05367366412213741,4.4152276295133435,model_28/tf.nn.relu_86/Relu;model_28/tf.math.add_145/Add;model_28/tf.compat.v1.nn.depthwise_conv2d_5/depthwise;Const_30
CONV_2D,Conv2DBias,26928,5.240378627475402,2223.0,0.07457822040866718,2223.0,1760.0,0.0,0.0,0.0,409600,0.19083969465648853,35.98740440845704,model_28/tf.nn.relu_89/Relu;model_28/tf.math.add_148/Add;model_28/tf.nn.convolution_94/convolution;Const_18
CONV_2D,Conv2DBias,26608,5.178104371652759,7837.0,0.26291925926348386,7837.0,1760.0,0.0,0.0,0.0,256000,0.11927480916030535,6.379992344009187,model_28/tf.math.add_150/Add;model_28/tf.nn.convolution_96/convolution;Const_6
QUANTIZE,AvgPool,25600,4.981940465811434,4419.0,0.1482506324722898,4419.0,2848.0,0.0,0.0,0.0,8000,0.003727337786259542,0.3535867843403485,model_28/tf.math.sigmoid_1/Sigmoid1
CONCATENATION,AvgPool,12800,2.490970232905717,5762.0,0.19330621052394975,5762.0,2048.0,750.00075000075,0.0,0.0,8000,0.003727337786259542,0.27117320374869835,StatefulPartitionedCall:11_avgpool
